time,latitude,longitude,depth,mag,magType,nst,gap,dmin,rms,net,id,updated,place,type,horizontalError,depthError,magError,magNst,status,locationSource,magSource
2016-10-01T04:39:38.930Z,14.4066,-93.074,46.42,4.5,mb,,165,1.341,0.81,us,us10006ub7,2016-10-01T04:58:26.040Z,"78km WSW of Puerto Madero, Mexico",earthquake,8.7,10.9,0.045,147,reviewed,us,us
2016-10-01T04:25:44.870Z,-23.5577,-179.9948,538.59,5.3,mb,,31,5.959,0.87,us,us10006uaw,2016-10-01T04:44:34.040Z,"South of the Fiji Islands",earthquake,9,7.2,0.027,460,reviewed,us,us
2016-10-01T02:33:03.660Z,-13.1676,167.1786,217.23,5.1,mb,,51,7.567,0.71,us,us10006uad,2016-10-01T02:51:28.040Z,"88km NNW of Sola, Vanuatu",earthquake,9.9,6.8,0.041,196,reviewed,us,us
2016-10-01T00:33:04.230Z,-23.7352,-174.8554,35,5.3,mb,,63,6.139,0.92,us,us10006u90,2016-10-01T01:23:49.040Z,"266km S of `Ohonua, Tonga",earthquake,7.4,1.3,0.042,189,reviewed,us,us
2016-09-30T23:06:48.850Z,19.8816,-74.3578,10,5,mb,,30,0.71,0.98,us,us10006u8f,2016-10-01T04:00:22.942Z,"53km SSE of Baracoa, Cuba",earthquake,6.5,1.9,0.027,443,reviewed,us,us
2016-09-30T22:45:26.530Z,-6.473,130.3004,135.42,4.8,mb,,44,1.797,0.69,us,us10006u85,2016-09-30T23:09:30.040Z,"198km NW of Saumlaki, Indonesia",earthquake,6.4,7.1,0.068,67,reviewed,us,us
2016-09-30T22:35:48.910Z,-3.999,-76.9413,105.61,4.7,mb,,84,1.764,0.89,us,us10006u80,2016-09-30T23:33:28.967Z,"96km NNW of Barranca, Peru",earthquake,6.8,6.5,0.039,203,reviewed,us,us
2016-09-30T21:00:46.950Z,-9.7261,111.7033,43.87,4.7,mb,,101,2.146,1.18,us,us10006u75,2016-09-30T21:17:50.040Z,"160km S of Ngulung Wetan, Indonesia",earthquake,8.4,8.2,0.08,47,reviewed,us,us
2016-09-30T20:56:42.650Z,-9.5442,111.7585,18.62,4.7,mb,,44,2.029,1.12,us,us10006u72,2016-09-30T21:47:46.040Z,"141km SSE of Ngulung Wetan, Indonesia",earthquake,7.5,4.1,0.075,54,reviewed,us,us
2016-09-30T19:49:33.930Z,-16.0994,-173.1403,10,5,mb,,67,2.544,1.46,us,us10006u6f,2016-09-30T21:25:09.040Z,"67km ESE of Hihifo, Tonga",earthquake,8.3,1.8,0.064,77,reviewed,us,us
2016-09-30T16:45:12.550Z,-1.6837,-77.5923,169.58,4.9,mb,,41,1.2,1.11,us,us10006u5a,2016-09-30T17:22:08.961Z,"37km E of Palora, Ecuador",earthquake,7.6,7,0.029,362,reviewed,us,us
2016-09-30T11:48:28.410Z,12.0554,140.4727,10,4.9,mb,,46,4.55,1.28,us,us10006u1x,2016-09-30T12:07:33.040Z,"253km N of Fais, Micronesia",earthquake,8.3,1.9,0.088,40,reviewed,us,us
2016-09-30T09:16:00.300Z,-29.1507,60.8843,10,4.6,mb,,95,9.208,1.13,us,us10006u1f,2016-09-30T15:07:04.040Z,"Southwest Indian Ridge",earthquake,12.6,1.9,0.141,15,reviewed,us,us
2016-09-30T05:27:30.100Z,-59.5339,159.4796,10,5.1,mb,,90,5.057,0.71,us,us10006u0n,2016-09-30T05:45:59.040Z,"Macquarie Island region",earthquake,12.6,1.9,0.117,24,reviewed,us,us
2016-09-29T23:21:01.670Z,34.5167,141.7414,10,5,mb,,112,2.128,1.05,us,us10006tze,2016-09-29T23:39:32.040Z,"148km ESE of Katsuura, Japan",earthquake,6.7,1.8,0.046,149,reviewed,us,us
2016-09-29T21:49:09.220Z,-6.2896,127.9128,357.38,4.5,mb,,30,3.757,0.69,us,us10006tys,2016-09-29T22:32:57.906Z,"284km S of Amahusu, Indonesia",earthquake,8.1,7.8,0.057,89,reviewed,us,us
2016-09-29T20:23:14.930Z,16.1287,-84.9365,10,5.1,mb,,35,3.055,1.45,us,us10006txy,2016-10-01T00:04:32.953Z,"44km NE of Cusuna, Honduras",earthquake,6.6,1.9,0.032,314,reviewed,us,us
2016-09-29T16:42:19.240Z,-2.3844,141.0159,22.1,4.5,mb,,61,6.354,0.94,us,us10006tv6,2016-09-29T19:04:01.040Z,"38km ENE of Jayapura, Indonesia",earthquake,9.1,5.2,0.09,36,reviewed,us,us
2016-09-29T11:57:36.650Z,37.4943,141.7563,9.32,4.6,mb,,123,0.853,0.64,us,us10006tsc,2016-09-29T12:20:44.397Z,"66km E of Namie, Japan",earthquake,5.7,5.2,0.06,83,reviewed,us,us
2016-09-29T11:53:04.340Z,-18.2987,168.0889,46.88,4.5,mb,,131,2.592,1,us,us10006tsb,2016-09-30T02:07:02.154Z,"67km SSW of Port-Vila, Vanuatu",earthquake,10.4,13.8,0.127,18,reviewed,us,us
2016-09-29T10:27:36.440Z,-2.9064,127.8266,53.64,4.6,mb,,97,3.682,1.11,us,us10006trv,2016-09-29T10:39:10.040Z,"44km WNW of Piru, Indonesia",earthquake,7.5,11.4,0.137,16,reviewed,us,us
2016-09-29T08:56:18.670Z,15.8565,-98.3336,10,5.1,mb,,145,1.711,0.77,us,us10006trl,2016-09-30T17:27:30.257Z,"61km SSW of Santiago Pinotepa Nacional, Mexico",earthquake,11,1.9,0.091,39,reviewed,us,us
2016-09-29T08:55:20.940Z,16.4235,-98.3295,42.73,5.2,mb,,93,1.155,0.78,us,us10006tre,2016-09-30T17:27:17.761Z,"10km ESE of Cuajinicuilapa, Mexico",earthquake,8.9,7.6,0.04,210,reviewed,us,us
2016-09-29T08:23:53.070Z,-17.5231,179.6723,585,4.5,mb,,83,1.56,0.85,us,us10006tr3,2016-09-29T08:39:53.040Z,"126km SSE of Lambasa, Fiji",earthquake,12.9,9.3,0.064,72,reviewed,us,us
2016-09-29T01:34:03.130Z,-30.2864,-177.6886,10,5.3,mb,,56,1.058,1.28,us,us10006tpm,2016-09-29T02:06:09.040Z,"114km S of Raoul Island, New Zealand",earthquake,8.3,1.8,0.037,241,reviewed,us,us
2016-09-29T01:22:36.860Z,-2.0011,140.3983,10,4.7,mb,,130,8.192,1.13,us,us10006tpl,2016-09-29T02:10:04.040Z,"67km NNW of Jayapura, Indonesia",earthquake,10,1.9,0.082,45,reviewed,us,us
2016-09-29T00:21:10.280Z,-35.5494,-103.8896,10,5.2,mb,,67,9.598,0.55,us,us10006tpd,2016-09-29T11:57:26.000Z,"Southeast of Easter Island",earthquake,11,1.9,0.032,314,reviewed,us,us
2016-09-28T23:49:33.620Z,15.774,147.4551,10,5,mb,,80,1.685,0.72,us,us10006tnw,2016-09-29T00:08:16.040Z,"192km ENE of Saipan, Northern Mariana Islands",earthquake,4.1,1.9,0.077,54,reviewed,us,us
2016-09-28T22:12:13.240Z,-0.0472,-17.7364,10,4.9,mb,,58,8.525,0.65,us,us10006tn0,2016-09-28T22:31:10.040Z,"North of Ascension Island",earthquake,9.9,1.8,0.06,89,reviewed,us,us
2016-09-28T20:37:00.100Z,-21.8458,-179.3803,571.09,5,mb,,58,4.741,1.03,us,us10006tls,2016-09-28T20:50:21.040Z,"150km SSW of Ndoi Island, Fiji",earthquake,10.9,8.9,0.105,30,reviewed,us,us
2016-09-28T16:48:55.510Z,12.4456,-86.5337,7.5,5.5,mww,,89,0.169,0.65,us,us10006tk4,2016-09-30T16:28:42.256Z,"19km NE of La Paz Centro, Nicaragua",earthquake,5.5,1.9,,,reviewed,us,us
2016-09-28T16:32:57.510Z,43.9989,148.4404,43.02,4.8,mb,,114,4.216,0.9,us,us10006tjx,2016-09-28T16:49:48.040Z,"139km E of Shikotan, Russia",earthquake,10.1,7,0.051,120,reviewed,us,us
2016-09-28T16:31:29.440Z,-20.7309,-173.5164,10,5,mb,,80,3.757,1.48,us,us10006tk0,2016-09-29T00:12:28.040Z,"134km SE of Pangai, Tonga",earthquake,9.7,1.9,0.094,36,reviewed,us,us
2016-09-28T16:16:12.520Z,-11.2113,166.3494,122.21,4.8,mb,,43,6.54,0.75,us,us10006tjk,2016-09-28T16:35:36.040Z,"78km SE of Lata, Solomon Islands",earthquake,4.1,7.4,0.052,114,reviewed,us,us
2016-09-28T12:50:34.170Z,20.9656,144.5539,44.61,5,mb,,112,5.813,0.74,us,us10006tit,2016-09-28T13:09:58.040Z,"59km NW of Farallon de Pajaros, Northern Mariana Islands",earthquake,8.9,7.8,0.041,188,reviewed,us,us
2016-09-28T09:41:17.800Z,-6.8804,-12.6309,10,4.9,mb,,60,2.008,1.38,us,us10006thz,2016-09-28T10:08:43.040Z,"228km ENE of Georgetown, Saint Helena",earthquake,8.3,1.9,0.069,82,reviewed,us,us
2016-09-28T09:38:12.310Z,24.4737,122.7606,91.58,4.8,mb,,59,0.228,0.67,us,us10006thy,2016-09-28T22:30:59.420Z,"24km W of Yonakuni, Japan",earthquake,6.5,3.5,0.077,52,reviewed,us,us
2016-09-28T07:17:32.280Z,36.7573,21.9434,10,5,mb,,66,0.42,1.41,us,us10006th7,2016-09-30T06:37:54.177Z,"4km S of Koroni, Greece",earthquake,4.3,1.9,0.082,47,reviewed,us,us
2016-09-27T20:57:07.620Z,36.386,27.5853,83.3,5.2,mwr,,,,0.95,us,us10006td4,2016-09-29T16:45:22.430Z,"30km NW of Emponas, Greece",earthquake,4.6,1,0.071,19,reviewed,isk,us
2016-09-27T20:39:01.060Z,11.7566,-85.9441,181.42,4.9,mb,,97,0.74,0.78,us,us10006tcy,2016-09-28T17:06:58.742Z,"11km E of Nandaime, Nicaragua",earthquake,6.2,4.6,0.054,109,reviewed,us,us
2016-09-27T19:22:25.710Z,34.6372,141.6413,24.44,4.6,mb,,128,1.982,0.79,us,us10006tc0,2016-09-28T14:51:47.040Z,"133km ESE of Ohara, Japan",earthquake,7,5.8,0.078,49,reviewed,us,us
2016-09-27T17:59:00.860Z,2.3578,126.3192,74.19,4.6,mb,,93,1.891,1.1,us,us10006tas,2016-09-28T14:44:12.040Z,"161km NE of Bitung, Indonesia",earthquake,7.6,7.4,0.076,51,reviewed,us,us
2016-09-27T17:07:27.030Z,-23.0853,-70.7148,24.55,4.6,mwr,,145,0.451,1.27,us,us10006t8j,2016-09-28T13:48:30.040Z,"70km NNW of Antofagasta, Chile",earthquake,4.5,4.7,,,reviewed,us,guc
2016-09-27T16:49:58.290Z,-23.1154,-70.627,14.06,4.8,mwr,,141,0.401,0.82,us,us10006t88,2016-09-27T20:20:46.040Z,"63km NNW of Antofagasta, Chile",earthquake,6.3,4.5,,,reviewed,us,guc
2016-09-27T16:22:55.990Z,17.5234,145.581,471.62,5,mb,,19,3.971,0.7,us,us10006t7y,2016-09-27T19:10:21.040Z,"68km SSW of Pagan, Northern Mariana Islands",earthquake,9.8,5.4,0.028,415,reviewed,us,us
2016-09-27T15:34:55.710Z,-35.224,78.5934,10,4.9,mb,,77,38.482,0.49,us,us10006t7c,2016-09-27T17:14:04.040Z,"Mid-Indian Ridge",earthquake,13.9,1.9,0.108,27,reviewed,us,us
2016-09-27T13:19:34.160Z,3.0754,126.9028,57.85,4.9,mb,,35,2.334,0.75,us,us10006t6j,2016-09-27T14:12:48.040Z,"193km NW of Tobelo, Indonesia",earthquake,8.8,6.7,0.055,103,reviewed,us,us
2016-09-27T12:49:33.730Z,-3.1531,145.9865,38.65,4.8,mb,,72,1.765,1.04,us,us10006t6b,2016-09-27T13:09:43.040Z,"189km SW of Lorengau, Papua New Guinea",earthquake,10,12.1,0.139,16,reviewed,us,us
2016-09-27T10:40:24.130Z,-32.6287,-178.1076,35,4.9,mb,,130,3.376,1.48,us,us10006t51,2016-09-27T11:04:06.040Z,"152km SSE of L'Esperance Rock, New Zealand",earthquake,9.6,2,0.112,25,reviewed,us,us
2016-09-27T10:30:22.020Z,-22.2266,-179.7183,572.35,5.1,mb,,48,4.926,0.9,us,us10006t4q,2016-09-27T10:50:17.040Z,"203km SSW of Ndoi Island, Fiji",earthquake,9.8,5.4,0.029,381,reviewed,us,us
2016-09-27T10:01:07.340Z,-20.2072,-177.5089,521.1,4.8,mb,,90,4.861,1.04,us,us10006t43,2016-09-27T10:19:34.040Z,"133km ENE of Ndoi Island, Fiji",earthquake,11.7,8.3,0.03,337,reviewed,us,us
2016-09-27T08:39:25.610Z,-29.1809,60.99,15.56,4.7,mb,,62,9.283,0.66,us,us10006t3t,2016-09-27T09:17:29.040Z,"Southwest Indian Ridge",earthquake,9.6,4.6,0.112,24,reviewed,us,us
2016-09-27T08:33:52.840Z,-32.8706,-177.1655,36.46,4.7,mb,,235,7.116,0.83,us,us10006t3q,2016-09-27T08:52:11.040Z,"228km SE of L'Esperance Rock, New Zealand",earthquake,8.4,15.8,0.13,18,reviewed,us,us
2016-09-27T08:01:24.110Z,-15.9783,-174.0737,123.16,4.9,mb,,60,3.026,1.21,us,us10006t3h,2016-09-27T08:46:11.535Z,"34km W of Hihifo, Tonga",earthquake,9.2,6.7,0.041,188,reviewed,us,us
2016-09-27T07:54:36.380Z,-32.4287,-178.2282,10,4.8,mb,,128,3.183,0.74,us,us10006t3g,2016-09-27T08:33:46.040Z,"127km SSE of L'Esperance Rock, New Zealand",earthquake,11.1,1.8,0.135,17,reviewed,us,us
2016-09-26T21:29:18.600Z,34.538,141.7197,10,4.5,mb,,138,2.1,1.03,us,us10006syy,2016-09-26T22:09:08.040Z,"145km ESE of Katsuura, Japan",earthquake,4.3,1.9,0.121,20,reviewed,us,us
2016-09-26T20:15:12.530Z,-19.5324,177.7406,52.2,5.2,mb,,83,1.802,1.31,us,us10006sy5,2016-09-26T20:27:09.040Z,"170km SSW of Suva, Fiji",earthquake,9,8.9,0.098,34,reviewed,us,us
2016-09-26T19:04:15.580Z,8.3643,94.2746,10,4.7,mb,,121,3.601,0.91,us,us10006sx9,2016-09-27T16:47:13.040Z,"114km ENE of Mohean, India",earthquake,8.5,1.9,0.082,45,reviewed,us,us
2016-09-26T18:52:27.180Z,45.2264,147.0157,58.77,4.8,mb,,123,3.43,0.69,us,us10006sx4,2016-09-26T23:16:08.040Z,"68km W of Kuril'sk, Russia",earthquake,8.7,6.9,0.03,335,reviewed,us,us
2016-09-26T18:07:02.480Z,-30.6128,-178.0701,35.96,4.7,mb,,121,1.368,0.68,us,us10006swg,2016-09-26T18:52:04.040Z,"120km NE of L'Esperance Rock, New Zealand",earthquake,5.5,5.7,0.08,47,reviewed,us,us
2016-09-26T17:23:18.240Z,-21.3713,-179.2316,631.71,4.6,mb,,75,4.423,1.03,us,us10006sup,2016-09-26T19:32:53.040Z,"97km SW of Ndoi Island, Fiji",earthquake,12.5,6.8,0.041,176,reviewed,us,us
2016-09-26T15:48:53.640Z,30.2096,99.6066,20.08,4.9,mb,,36,7.374,0.89,us,us10006ste,2016-09-26T17:06:24.040Z,"105km SW of Rulong, China",earthquake,7.4,3.7,0.064,75,reviewed,us,us
2016-09-26T11:19:04.750Z,-28.1452,-111.5655,14.92,5,mb,,230,2.129,0.96,us,us10006src,2016-09-26T12:12:52.040Z,"237km WSW of Hanga Roa, Chile",earthquake,16.1,6.9,0.069,67,reviewed,us,us
2016-09-26T08:54:49.880Z,-10.1223,161.1581,79.95,4.6,mb,,54,1.373,0.76,us,us10006sq5,2016-09-26T09:21:33.040Z,"91km WNW of Kirakira, Solomon Islands",earthquake,8.8,7.3,0.07,60,reviewed,us,us
2016-09-26T08:08:38.890Z,-19.9911,-178.3495,591.53,4.5,mb,,48,4.073,0.9,us,us10006sq1,2016-09-26T08:25:27.040Z,"81km NNE of Ndoi Island, Fiji",earthquake,7.2,8.8,0.039,188,reviewed,us,us
2016-09-26T06:20:59.390Z,-54.8078,158.639,10,4.8,mb,,260,0.36,0.61,us,us10006sph,2016-09-26T07:15:04.040Z,"41km SSW of Macquarie Island, Australia",earthquake,4.5,2,0.139,16,reviewed,us,us
2016-09-26T05:19:58.220Z,27.4708,128.5599,40.25,6,mb,,42,0.682,1.02,us,us10006sp7,2016-09-27T17:00:41.000Z,"113km NNE of Nago, Japan",earthquake,6.4,6.2,0.027,520,reviewed,us,us
2016-09-26T05:17:25.140Z,-37.6653,179.478,10,4.8,mb,,148,0.935,1.05,us,us10006sp6,2016-09-26T07:45:56.040Z,"169km NE of Gisborne, New Zealand",earthquake,8.1,1.9,0.131,18,reviewed,us,us
2016-09-26T05:13:24.820Z,41.6579,143.099,30.89,5.2,mb,,121,0.359,1.24,us,us10006sp5,2016-09-27T17:09:59.000Z,"96km SE of Shizunai, Japan",earthquake,7.3,4.6,0.045,163,reviewed,us,us
2016-09-26T04:21:35.440Z,-20.4304,-177.7413,510.87,4.5,mb,,92,4.79,1.03,us,us10006snw,2016-09-26T04:44:56.040Z,"102km ENE of Ndoi Island, Fiji",earthquake,12.7,6.9,0.077,49,reviewed,us,us
2016-09-26T02:24:38.200Z,41.8926,142.2176,65.04,5,mb,,76,0.711,1.05,us,us10006sn0,2016-09-27T19:17:10.000Z,"50km SSW of Shizunai, Japan",earthquake,4.9,6.2,0.029,369,reviewed,us,us
2016-09-26T00:40:40.120Z,52.7785,-167.1271,42.72,4.6,mb,,166,1.065,0.9,us,us10006smr,2016-10-01T01:30:13.215Z,"118km E of Nikolski, Alaska",earthquake,7.3,7,0.036,234,reviewed,us,us
2016-09-25T23:46:49.970Z,-32.6793,-178.467,10,4.6,mb,,154,6.633,0.8,us,us10006smh,2016-09-26T00:47:02.040Z,"144km SSE of L'Esperance Rock, New Zealand",earthquake,13.3,2,0.112,24,reviewed,us,us
2016-09-25T18:24:00.550Z,-3.229,-80.7395,39.7,4.7,mb,,115,1.377,0.91,us,us10006skn,2016-09-25T19:35:10.508Z,"49km NW of Tumbes, Peru",earthquake,7.3,8.4,0.079,49,reviewed,us,us
2016-09-25T15:15:03.340Z,-17.9452,-178.5153,567.92,4.5,mb,,74,3.274,0.9,us,us10006sjy,2016-09-25T16:25:31.040Z,"280km SE of Lambasa, Fiji",earthquake,11.3,7.1,0.032,290,reviewed,us,us
2016-09-25T12:34:38.980Z,-29.2203,61.036,14.24,4.6,mb,,62,9.337,0.54,us,us10006sjj,2016-09-25T12:55:46.040Z,"Southwest Indian Ridge",earthquake,12.5,2.4,0.116,22,reviewed,us,us
2016-09-25T12:10:41.700Z,-8.3748,-75.0281,126.83,4.6,mb,,82,2.388,1.05,us,us10006sje,2016-09-25T12:52:01.040Z,"26km WNW of Campoverde, Peru",earthquake,8.6,6.3,0.076,52,reviewed,us,us
2016-09-25T09:50:51.120Z,41.787,-126.1645,16.37,4.6,mb,,193,1.506,1.67,us,us10006sj1,2016-09-28T02:47:02.435Z,"158km W of Brookings, Oregon",earthquake,4.1,6.1,0.097,32,reviewed,us,us
2016-09-25T05:01:50.950Z,41.8666,-126.1106,10,5,mb,,194,1.445,1.05,us,us10006shx,2016-09-29T05:08:56.917Z,"151km WSW of Gold Beach, Oregon",earthquake,7.5,1.9,0.034,278,reviewed,us,us
2016-09-25T04:28:37.460Z,-32.5456,-177.4917,10,5.9,mwp,,72,3.311,0.98,us,us10006shr,2016-09-27T16:18:22.000Z,"181km SE of L'Esperance Rock, New Zealand",earthquake,9.2,1.9,0.089,14,reviewed,us,us
2016-09-25T01:23:45.510Z,-30.2982,-71.8931,10,4.7,mb,,102,0.435,0.86,us,us10006sg4,2016-09-25T02:02:05.305Z,"65km SW of Coquimbo, Chile",earthquake,3.7,1.8,0.106,27,reviewed,us,us
2016-09-25T01:10:10.350Z,-19.6868,-178.0192,577.37,5.1,mb,,45,4.193,0.87,us,us10006sg0,2016-09-25T01:26:21.040Z,"128km NNE of Ndoi Island, Fiji",earthquake,10.3,8.1,0.029,402,reviewed,us,us
2016-09-25T00:28:00.700Z,-32.4296,-177.8788,10,4.9,mb,,173,3.174,1.37,us,us10006sfs,2016-09-25T00:48:34.040Z,"146km SE of L'Esperance Rock, New Zealand",earthquake,7.7,1.9,0.11,26,reviewed,us,us
2016-09-25T00:25:10.550Z,-32.3797,-177.9991,10,4.7,mb,,171,3.125,1.05,us,us10006sfr,2016-09-25T00:41:23.040Z,"135km SE of L'Esperance Rock, New Zealand",earthquake,11.5,1.9,0.108,26,reviewed,us,us
2016-09-24T23:52:03.220Z,-32.3454,-178.0509,10,5.1,mb,,80,3.092,0.83,us,us10006sfk,2016-09-25T00:09:47.040Z,"129km SE of L'Esperance Rock, New Zealand",earthquake,10.1,1.9,0.092,39,reviewed,us,us
2016-09-24T23:42:49.950Z,-32.3725,-178.2476,10,4.9,mb,,83,3.129,1.09,us,us10006sfj,2016-09-24T23:57:58.040Z,"121km SSE of L'Esperance Rock, New Zealand",earthquake,8.2,1.9,0.108,27,reviewed,us,us
2016-09-24T23:27:19.860Z,-32.3193,-178.1965,10,5.2,mb,,66,3.073,1.19,us,us10006sfd,2016-09-24T23:46:47.040Z,"118km SE of L'Esperance Rock, New Zealand",earthquake,9.2,1.9,0.077,55,reviewed,us,us
2016-09-24T21:55:06.560Z,-19.828,-178.2809,587.56,5,mb,,43,4.044,0.96,us,us10006se2,2016-09-24T22:12:34.040Z,"100km NNE of Ndoi Island, Fiji",earthquake,10.5,8.3,0.044,167,reviewed,us,us
2016-09-24T21:28:41.680Z,-19.8499,-178.2738,596.34,6.9,mww,,21,4.061,1.21,us,us10006scr,2016-09-25T01:57:30.000Z,"99km NNE of Ndoi Island, Fiji",earthquake,5.2,4.2,,,reviewed,us,us
2016-09-24T21:07:13.840Z,-18.1267,-175.039,183.37,6.4,mww,,38,4.938,0.93,us,us10006scl,2016-09-25T01:57:29.000Z,"125km WNW of Neiafu, Tonga",earthquake,8.3,4.6,,,reviewed,us,us
2016-09-24T20:27:17.670Z,-21.5401,-68.2949,94.87,5.1,mwr,,30,0.917,1.03,us,us10006scg,2016-09-25T01:59:24.440Z,"121km NNE of Calama, Chile",earthquake,6.1,5,0.042,54,reviewed,us,us
2016-09-24T17:15:10.870Z,-2.0144,140.6456,35.14,4.7,mb,,65,6.716,0.78,us,us10006sbt,2016-09-27T15:58:39.040Z,"57km N of Jayapura, Indonesia",earthquake,8.8,7.1,0.089,39,reviewed,us,us
2016-09-24T15:42:37.120Z,-2.0863,140.7066,31.44,4.8,mb,,64,6.655,1.06,us,us10006sbn,2016-09-24T15:59:43.040Z,"49km N of Jayapura, Indonesia",earthquake,9.1,5.8,0.094,35,reviewed,us,us
2016-09-24T11:27:45.910Z,-6.6745,128.9388,253.81,5,mb,,43,2.677,0.69,us,us10006sb3,2016-09-24T11:51:59.814Z,"298km WNW of Saumlaki, Indonesia",earthquake,8,7.2,0.067,72,reviewed,us,us
2016-09-24T11:09:43.880Z,-1.8517,140.5828,14.24,5.6,mb,,41,6.782,0.8,us,us10006sb0,2016-09-25T01:57:27.000Z,"76km N of Jayapura, Indonesia",earthquake,7,3.8,0.044,181,reviewed,us,us
2016-09-24T11:04:29.640Z,-1.9447,140.6174,10,5.6,mb,,40,6.745,0.75,us,us10006say,2016-09-25T01:57:26.000Z,"65km N of Jayapura, Indonesia",earthquake,8.3,1.9,0.051,133,reviewed,us,us
2016-09-24T10:52:06.690Z,34.5655,141.7619,10,4.9,mb,,127,2.099,1,us,us10006saw,2016-09-24T11:19:46.040Z,"147km ESE of Katsuura, Japan",earthquake,8.1,1.9,0.051,121,reviewed,us,us
2016-09-24T10:47:45.880Z,-5.7917,147.9086,84.77,4.5,mb,,72,3.665,0.65,us,us10006sav,2016-09-24T11:35:38.040Z,"89km N of Finschhafen, Papua New Guinea",earthquake,5.9,8.3,0.097,31,reviewed,us,us
2016-09-24T10:20:45.270Z,34.4759,141.7949,10,4.9,mb,,120,2.136,0.99,us,us10006sal,2016-09-24T12:57:40.529Z,"155km ESE of Katsuura, Japan",earthquake,7.2,1.9,0.056,101,reviewed,us,us
2016-09-24T09:41:57.950Z,-1.9383,140.5458,10,5.2,mb,,65,6.817,0.91,us,us10006sah,2016-09-24T10:00:59.040Z,"67km NNW of Jayapura, Indonesia",earthquake,8.9,1.9,0.065,77,reviewed,us,us
2016-09-24T07:50:22.890Z,-54.8456,-30.6314,16.52,5,mb,,65,3.455,0.69,us,us10006s9l,2016-09-24T08:05:31.040Z,"298km NW of Visokoi Island, South Georgia and the South Sandwich Islands",earthquake,7.7,4.6,0.088,41,reviewed,us,us
2016-09-24T06:21:52.020Z,6.584,126.448,74.86,4.6,mb,,121,0.988,0.68,us,us10006s9c,2016-09-24T06:37:53.040Z,"33km SSE of Tamisan, Philippines",earthquake,8,7.3,0.084,42,reviewed,us,us
2016-09-24T05:39:17.210Z,57.2957,-33.53,10,4.7,mb,,38,7.222,0.65,us,us10006s97,2016-09-24T05:59:12.040Z,"Reykjanes Ridge",earthquake,8.9,1.9,0.069,64,reviewed,us,us
2016-09-24T05:21:06.780Z,57.9289,-33.6215,10,4.5,mb,,87,9.022,0.94,us,us10006s94,2016-09-24T06:03:21.040Z,"Reykjanes Ridge",earthquake,8.1,1.9,0.097,31,reviewed,us,us
2016-09-24T05:18:01.950Z,-17.5416,-178.3616,523.42,4.6,mb,,117,3.425,1.23,us,us10006s8y,2016-09-24T05:37:36.040Z,"270km ESE of Lambasa, Fiji",earthquake,12.5,13.6,0.1,30,reviewed,us,us
2016-09-24T04:42:41.160Z,57.1611,-33.3789,10,4.7,mb,,74,7.369,0.81,us,us10006s8s,2016-09-24T05:00:59.040Z,"Reykjanes Ridge",earthquake,2.9,1.9,0.042,175,reviewed,us,us
2016-09-24T04:26:17.350Z,57.2064,-33.3264,10,4.9,mb,,50,8.685,1.09,us,us10006s8p,2016-09-24T04:45:22.040Z,"Reykjanes Ridge",earthquake,6.8,1.9,0.031,337,reviewed,us,us
2016-09-24T04:02:13.090Z,-32.5504,-177.5591,10,5.8,mwp,,88,3.31,1.33,us,us10006s8f,2016-09-25T01:57:25.000Z,"177km SE of L'Esperance Rock, New Zealand",earthquake,10.4,1.9,,,reviewed,us,us
2016-09-24T01:49:11.070Z,56.0635,162.4543,44.48,4.5,mb,,143,3.766,0.7,us,us10006s7w,2016-09-24T02:14:43.040Z,"18km S of Ust'-Kamchatsk Staryy, Russia",earthquake,12.6,8.6,0.074,56,reviewed,us,us
2016-09-24T01:32:55.980Z,-54.9555,-30.7241,15.42,5,mb,,68,3.418,0.51,us,us10006s7r,2016-09-24T01:52:11.040Z,"294km NW of Visokoi Island, South Georgia and the South Sandwich Islands",earthquake,11.2,4.5,0.081,50,reviewed,us,us
2016-09-24T00:05:39.830Z,13.2366,-89.721,49.99,4.5,mb,,165,0.653,0.95,us,us10006s6u,2016-09-27T16:05:47.501Z,"41km SSE of Acajutla, El Salvador",earthquake,6.8,12.4,0.163,11,reviewed,us,us
2016-09-23T23:45:39.140Z,6.5121,126.5773,88.26,4.9,mb,,40,5.756,0.83,us,us10006s6l,2016-09-24T06:15:23.327Z,"47km SE of Tamisan, Philippines",earthquake,7.5,6.3,0.071,67,reviewed,us,us
2016-09-23T23:11:20.130Z,45.7231,26.6271,88.25,5.6,mww,,14,0.532,1.31,us,us10006s5c,2016-09-30T22:49:16.034Z,"7km W of Nereju, Romania",earthquake,5.4,5.6,,,reviewed,us,us
2016-09-23T22:53:10.270Z,6.5792,126.4845,65,6.3,mww,,13,1.022,0.89,us,us10006s4v,2016-09-25T06:37:16.186Z,"35km SE of Tamisan, Philippines",earthquake,7.5,1.9,,,reviewed,us,us
2016-09-23T22:27:25.080Z,8.4548,94.4297,44.36,4.9,mb,,57,3.587,1.09,us,us10006s4n,2016-09-23T22:46:34.040Z,"133km ENE of Mohean, India",earthquake,7.3,3,0.058,94,reviewed,us,us
2016-09-23T20:26:24.500Z,34.5634,141.7675,19.78,4.6,mb,,141,2.104,1.13,us,us10006s3q,2016-09-27T15:46:33.040Z,"147km ESE of Ohara, Japan",earthquake,7.7,5.6,0.116,24,reviewed,us,us
2016-09-23T16:11:56.860Z,-2.6107,29.1069,10,4.8,mb,,92,2.576,1.25,us,us10006s1p,2016-09-24T22:20:35.579Z,"26km ESE of Cyangugu, Rwanda",earthquake,9.9,1.9,0.096,34,reviewed,us,us
2016-09-23T15:37:26.870Z,-10.1318,123.5975,54.58,4.9,mb,,64,2.002,1.42,us,us10006s1a,2016-09-23T15:56:42.040Z,"4km NNE of Kupang, Indonesia",earthquake,7.4,7.5,0.106,28,reviewed,us,us
2016-09-23T15:05:15.650Z,30.4553,142.0418,35,5.2,mb,,147,3.26,1.16,us,us10006s08,2016-09-23T15:34:51.000Z,"Izu Islands, Japan region",earthquake,8.7,2,0.091,40,reviewed,us,us
2016-09-23T13:58:08.850Z,34.4644,141.8446,34.99,4.5,mb,,170,2.161,1.4,us,us10006s02,2016-09-23T14:56:11.079Z,"159km ESE of Katsuura, Japan",earthquake,5.3,7.2,0.128,18,reviewed,us,us
2016-09-23T13:49:07.730Z,-19.77,-173.504,53.75,4.8,mb,,107,3.445,0.92,us,us10006rzv,2016-09-23T14:08:08.040Z,"88km E of Pangai, Tonga",earthquake,11.6,13.1,0.111,25,reviewed,us,us
2016-09-23T12:04:54.920Z,34.5355,141.7379,35,4.9,mb,,136,2.111,1.47,us,us10006rzc,2016-09-23T12:23:14.040Z,"147km ESE of Katsuura, Japan",earthquake,2.3,2,0.089,40,reviewed,us,us
2016-09-23T11:04:56.960Z,34.4461,141.4262,35,4.6,mb,,122,1.888,0.76,us,us10006rxy,2016-09-23T12:00:28.040Z,"128km SE of Katsuura, Japan",earthquake,6.8,1.9,0.066,67,reviewed,us,us
2016-09-23T10:50:53.880Z,30.5641,50.3809,33.08,4.6,mb,,77,7.61,1.48,us,us10006rxq,2016-09-23T11:39:29.040Z,"13km ESE of Behbahan, Iran",earthquake,8.2,4.5,0.086,40,reviewed,us,us
2016-09-23T10:28:24.960Z,34.6571,141.2634,35,5.2,mb,,70,1.798,1.25,us,us10006rxn,2016-09-23T14:23:06.000Z,"102km ESE of Katsuura, Japan",earthquake,7.1,1.9,0.037,235,reviewed,us,us
2016-09-23T10:27:02.470Z,34.6262,141.7766,12.14,4.6,mb,,125,2.059,0.83,us,us10006rxi,2016-09-23T10:51:57.040Z,"144km ESE of Ohara, Japan",earthquake,6.1,5.1,0.117,22,reviewed,us,us
2016-09-23T08:59:19.160Z,53.6174,-163.6561,21.38,4.7,mb,,161,1.355,0.74,us,us10006rxc,2016-09-28T20:47:38.803Z,"138km S of False Pass, Alaska",earthquake,9,6.5,0.061,82,reviewed,us,us
2016-09-23T07:54:54.530Z,16.9196,-99.2683,40.86,4.9,mb,,147,0.926,0.64,us,us10006rx0,2016-09-23T17:12:52.680Z,"5km WNW of Ayutla de los Libres, Mexico",earthquake,6.3,9.3,0.057,96,reviewed,us,us
2016-09-23T07:36:42.140Z,-56.3669,147.528,10,4.6,mb,,93,6.768,0.55,us,us10006rwv,2016-09-23T08:01:48.040Z,"West of Macquarie Island",earthquake,10.9,1.9,0.096,32,reviewed,us,us
2016-09-23T06:46:03.780Z,34.5529,141.6982,26.36,4.7,mb,,136,2.078,0.88,us,us10006rwn,2016-09-23T08:18:27.040Z,"142km ESE of Ohara, Japan",earthquake,6.3,6.1,0.089,38,reviewed,us,us
2016-09-23T06:31:06.290Z,2.9116,92.3612,10,4.6,mb,,167,5.12,0.6,us,us10006rwj,2016-09-23T07:46:38.040Z,"Off the west coast of northern Sumatra",earthquake,5.7,1.9,0.111,24,reviewed,us,us
2016-09-23T06:30:15.280Z,-9.5697,124.9815,35.2,4.8,mb,,57,0.728,1,us,us10006rwi,2016-09-23T06:49:40.040Z,"39km E of Leof, Indonesia",earthquake,4.5,7.8,0.107,27,reviewed,us,us
2016-09-23T06:13:24.150Z,35.0228,141.3978,37.98,5.1,mb,,99,1.555,0.88,us,us10006rwa,2016-09-23T14:38:24.000Z,"94km SSE of Hasaki, Japan",earthquake,8.9,6.3,0.06,90,reviewed,us,us
2016-09-23T05:56:29.010Z,-37.666,178.6588,10,5,mb,,100,0.298,0.84,us,us10006rvv,2016-09-23T06:14:45.040Z,"123km NNE of Gisborne, New Zealand",earthquake,9.3,1.9,0.098,33,reviewed,us,us
2016-09-23T05:34:30.400Z,34.4804,141.9648,10,5.2,mb,,126,2.249,1.09,us,us10006rvp,2016-09-23T14:28:03.000Z,"167km ESE of Ohara, Japan",earthquake,6.7,1.9,0.081,50,reviewed,us,us
2016-09-23T05:09:27.810Z,-6.4731,130.4305,130.66,5.1,mb,,33,1.729,0.78,us,us10006rvh,2016-09-23T05:34:01.282Z,"190km NNW of Saumlaki, Indonesia",earthquake,2.7,7.3,0.058,95,reviewed,us,us
2016-09-23T03:37:03.410Z,34.5055,141.9733,13.55,4.6,mb,,130,2.255,0.8,us,us10006ruu,2016-09-23T23:41:18.040Z,"167km ESE of Ohara, Japan",earthquake,7.1,5.4,0.105,27,reviewed,us,us
2016-09-23T03:35:14.090Z,-55.0213,-31.3344,10,4.9,mb,,77,3.084,0.52,us,us10006rus,2016-09-23T04:32:21.040Z,"South Georgia Island region",earthquake,11.3,1.9,0.093,37,reviewed,us,us
2016-09-23T02:56:41.500Z,-7.3668,156.3659,10,5.2,mb,,31,4.098,1.1,us,us10006rub,2016-09-23T03:15:13.040Z,"82km SSW of Chirovanga, Solomon Islands",earthquake,6.6,1.8,0.054,114,reviewed,us,us
2016-09-23T02:26:02.170Z,36.3052,141.8226,10,4.5,mb,,157,1.32,0.94,us,us10006ru4,2016-09-23T02:58:32.040Z,"109km NE of Hasaki, Japan",earthquake,8.3,1.9,0.131,17,reviewed,us,us
2016-09-23T00:42:33.860Z,34.5011,141.9634,10,4.9,mb,,128,2.253,0.96,us,us10006rtm,2016-09-23T01:21:50.314Z,"166km ESE of Ohara, Japan",earthquake,7.4,1.9,0.084,45,reviewed,us,us
2016-09-23T00:30:25.960Z,34.8537,141.599,10,4.5,mb,,168,1.79,0.77,us,us10006rtk,2016-09-23T01:26:50.465Z,"119km SE of Hasaki, Japan",earthquake,8.2,1.9,0.163,11,reviewed,us,us
2016-09-23T00:14:34.860Z,34.4876,141.659,10,6.2,mww,,17,2.057,0.92,us,us10006rte,2016-09-26T02:45:27.162Z,"143km ESE of Katsuura, Japan",earthquake,6.2,1.7,,,reviewed,us,us
2016-09-22T20:32:39.640Z,-59.2337,160.0896,10,4.6,mb,,143,4.788,1.66,us,us10006rs0,2016-09-22T22:33:08.040Z,"Macquarie Island region",earthquake,15.4,2,0.112,24,reviewed,us,us
2016-09-22T20:06:11.970Z,-21.512,33.3301,10,5.6,mww,,45,5.993,1.38,us,us10006rrf,2016-09-23T13:57:19.000Z,"163km SSE of Chipinge, Zimbabwe",earthquake,8.7,1.7,,,reviewed,us,us
2016-09-22T18:08:58.610Z,18.0204,-98.3951,50.92,4.6,mb,,100,0.483,1.01,us,us10006rqb,2016-09-29T19:59:18.083Z,"5km SE of Tulcingo del Valle, Mexico",earthquake,7.6,7.1,0.032,287,reviewed,us,us
2016-09-22T17:23:15.910Z,30.1738,99.6523,20.69,5.3,mb,,18,7.413,0.89,us,us10006rpv,2016-09-22T23:01:05.040Z,"105km SW of Rulong, China",earthquake,7.3,4,0.039,226,reviewed,us,us
2016-09-22T16:47:16.250Z,30.19,99.7009,22.4,5.2,mb,,19,7.455,0.67,us,us10006rpi,2016-09-23T17:50:45.040Z,"101km SW of Rulong, China",earthquake,7.6,4.2,0.046,154,reviewed,us,us
2016-09-22T16:30:00.440Z,19.082,119.822,24.7,4.8,mb,,55,3.898,1.25,us,us10006rpf,2016-09-23T17:35:46.040Z,"104km NW of Davila, Philippines",earthquake,7.7,1.8,0.057,96,reviewed,us,us
2016-09-22T16:20:35.450Z,34.4336,141.7417,25.87,4.7,mb,,128,2.075,0.91,us,us10006rpd,2016-09-23T17:29:28.040Z,"153km ESE of Katsuura, Japan",earthquake,5.8,5.9,0.097,32,reviewed,us,us
2016-09-22T16:07:27.110Z,-59.4526,-27.3555,8,5.5,mwb,,42,7.199,0.97,us,us10006rp9,2016-09-23T16:26:00.040Z,"66km SW of Bristol Island, South Sandwich Islands",earthquake,9.8,1.7,0.069,20,reviewed,us,us
2016-09-22T15:57:09.420Z,34.3687,141.7706,38.82,5.3,mb,,125,2.054,1.39,us,us10006rp5,2016-09-23T16:03:12.000Z,"159km ESE of Katsuura, Japan",earthquake,7,6.6,0.073,63,reviewed,us,us
2016-09-22T15:56:05.800Z,34.4733,141.7975,10,5.1,mb,,75,2.136,1.11,us,us10006rp0,2016-09-23T23:34:39.000Z,"155km ESE of Katsuura, Japan",earthquake,6,1.8,0.041,194,reviewed,us,us
2016-09-22T13:41:44.670Z,-5.5115,103.5345,61.59,4.8,mb,,155,1.28,1.22,us,us10006rn8,2016-09-22T14:02:04.040Z,"57km SW of Krui, Indonesia",earthquake,7.8,7.4,0.09,38,reviewed,us,us
2016-09-22T13:23:43.730Z,25.2718,95.5762,139.53,4.6,mb,,56,1.556,0.8,us,us10006rn5,2016-09-22T13:39:13.040Z,"116km ESE of Phek, India",earthquake,6.2,8.4,0.102,29,reviewed,us,us
2016-09-22T11:15:40.000Z,46.6649,153.2172,40.03,4.6,mb,,136,7.068,1.2,us,us10006rlb,2016-09-22T11:30:47.040Z,"Kuril Islands",earthquake,10,7.9,0.063,75,reviewed,us,us
2016-09-22T11:05:58.250Z,-16.2295,168.074,168.29,5.1,mb,,61,4.591,0.87,us,us10006rl6,2016-09-22T11:22:01.040Z,"71km E of Lakatoro, Vanuatu",earthquake,10.7,7.2,0.084,46,reviewed,us,us
2016-09-22T10:42:18.020Z,6.8864,-73.0258,148.65,4.8,mb,,65,2.402,1.46,us,us10006rl0,2016-09-22T22:57:18.105Z,"11km SSE of Piedecuesta, Colombia",earthquake,8.4,8.3,0.03,343,reviewed,us,us
2016-09-22T10:21:57.670Z,34.4617,141.8385,10,4.7,mb,,124,2.155,0.65,us,us10006rky,2016-09-22T10:43:25.040Z,"159km ESE of Katsuura, Japan",earthquake,4.4,1.8,0.13,18,reviewed,us,us
2016-09-22T08:48:10.460Z,-28.0821,-111.6002,10,5,mb,,123,2.129,0.91,us,us10006rki,2016-09-22T09:06:10.040Z,"237km WSW of Hanga Roa, Chile",earthquake,4.3,1.9,0.063,81,reviewed,us,us
2016-09-22T07:35:39.340Z,-29.0791,-177.4341,74.74,4.6,mb,,88,0.463,1.36,us,us10006rjz,2016-09-22T07:55:04.040Z,"49km ENE of Raoul Island, New Zealand",earthquake,10.5,6.2,0.097,32,reviewed,us,us
2016-09-21T22:04:50.440Z,-31.7723,-70.6537,10,4.7,mb,,108,0.639,1.25,us,us10006rgh,2016-09-21T22:37:07.040Z,"30km E of Salamanca, Chile",earthquake,3.3,1.7,0.12,22,reviewed,us,us
2016-09-21T18:07:11.930Z,-8.995,111.4376,59,4.6,mb,,102,1.405,0.67,us,us10006rey,2016-09-21T19:46:49.040Z,"77km S of Ngulung Wetan, Indonesia",earthquake,10.3,5.9,0.08,46,reviewed,us,us
2016-09-21T16:19:48.510Z,-4.3056,152.9092,31.57,5.2,mb,,74,0.752,0.75,us,us10006ref,2016-09-21T16:38:50.040Z,"22km NW of Taron, Papua New Guinea",earthquake,6.5,2.6,0.055,109,reviewed,us,us
2016-09-21T14:46:08.380Z,-55.7937,-27.5378,37.79,5,mb,,114,5.365,0.53,us,us10006rcl,2016-09-21T15:05:42.040Z,"103km NNW of Visokoi Island, South Georgia and the South Sandwich Islands",earthquake,11.4,8.5,0.084,46,reviewed,us,us
2016-09-21T09:42:28.580Z,-21.9678,-179.4614,582.9,4.5,mb,,86,9.385,0.66,us,us10006rbi,2016-09-21T10:02:23.040Z,"165km SSW of Ndoi Island, Fiji",earthquake,10.2,7.3,0.07,60,reviewed,us,us
2016-09-21T07:19:48.120Z,-54.84,-30.503,17.94,5.1,mb,,65,3.528,0.66,us,us10006rat,2016-09-21T07:35:08.040Z,"292km NW of Visokoi Island, South Georgia and the South Sandwich Islands",earthquake,11.5,4.6,0.081,50,reviewed,us,us
2016-09-21T05:44:06.040Z,-18.0521,-175.3394,250.52,5.2,mb,,34,5.233,1.26,us,us10006rae,2016-09-21T06:01:59.040Z,"157km WNW of Neiafu, Tonga",earthquake,8.5,6.9,0.026,502,reviewed,us,us
2016-09-21T02:20:09.410Z,5.5183,127.0359,72.24,4.9,mb,,103,2.114,0.66,us,us10006r9l,2016-09-21T03:18:51.040Z,"133km SE of Pondaguitan, Philippines",earthquake,5.3,7.1,0.062,82,reviewed,us,us
2016-09-21T01:08:44.210Z,-12.4971,43.2695,10,5.1,mb,,47,10.027,1.32,us,us10006r9h,2016-09-24T14:33:07.110Z,"50km WSW of Nioumachoua, Comoros",earthquake,9.4,1.9,0.07,67,reviewed,us,us
2016-09-21T00:38:44.860Z,-54.9555,-32.0497,10,4.9,mb,,64,2.667,1.08,us,us10006r97,2016-09-21T01:04:00.040Z,"297km ESE of Grytviken, South Georgia and the South Sandwich Islands",earthquake,9.9,1.8,0.085,44,reviewed,us,us
2016-09-21T00:05:54.330Z,-54.792,-30.5758,10,5.2,mb,,53,3.481,0.6,us,us10006r8s,2016-09-21T00:27:22.040Z,"300km NW of Visokoi Island, South Georgia and the South Sandwich Islands",earthquake,8.7,1.8,0.067,73,reviewed,us,us
2016-09-20T21:31:32.030Z,-22.8437,172.6324,10,4.7,mb,,113,4.476,0.88,us,us10006r83,2016-09-20T21:49:57.040Z,"77km SE of Ile Hunter, New Caledonia",earthquake,10.8,1.9,0.113,24,reviewed,us,us
2016-09-20T20:06:32.100Z,30.5894,142.6808,27.07,4.7,mb,,140,3.506,0.52,us,us10006r70,2016-09-20T21:59:09.040Z,"Izu Islands, Japan region",earthquake,9.1,5.8,0.095,34,reviewed,us,us
2016-09-20T19:46:33.230Z,-20.2705,-179.0037,657.09,4.7,mb,,52,3.75,0.8,us,us10006r6t,2016-09-20T20:00:07.040Z,"52km NW of Ndoi Island, Fiji",earthquake,13,9.7,0.066,70,reviewed,us,us
2016-09-20T16:21:16.920Z,30.5374,142.0791,10,6.1,mww,,19,3.212,0.48,us,us10006r42,2016-09-21T00:47:04.004Z,"Izu Islands, Japan region",earthquake,7.1,1.7,,,reviewed,us,us
2016-09-20T13:24:42.870Z,-23.5705,-68.1886,127.27,5,mwr,,45,0.615,0.82,us,us10006r20,2016-09-20T14:53:20.040Z,"72km S of San Pedro de Atacama, Chile",earthquake,7.4,5.4,,,reviewed,us,guc
2016-09-20T13:10:47.700Z,-1.9884,138.764,10,5.4,mwb,,16,6.574,0.67,us,us10006r1z,2016-09-20T14:19:20.040Z,"214km WNW of Abepura, Indonesia",earthquake,7.2,1.8,0.054,33,reviewed,us,us
2016-09-20T12:11:19.250Z,44.758,149.79,44.21,4.6,mb,,135,5.193,0.69,us,us10006r1m,2016-09-20T13:15:26.040Z,"159km ESE of Kuril'sk, Russia",earthquake,9,7.5,0.041,175,reviewed,us,us
2016-09-20T11:36:25.240Z,-29.3127,60.9812,10,4.8,mb,,62,9.39,0.86,us,us10006r1h,2016-09-20T11:56:28.040Z,"Southwest Indian Ridge",earthquake,7.1,1.8,0.087,41,reviewed,us,us
2016-09-20T11:34:01.500Z,35.8998,142.7014,31.32,4.6,mb,,142,2.06,1.07,us,us10006r1d,2016-09-20T12:26:05.040Z,"169km E of Hasaki, Japan",earthquake,8.6,6.1,0.095,33,reviewed,us,us
2016-09-20T09:42:33.390Z,37.6567,71.8038,126.01,4.5,mb,,76,0.17,0.98,us,us10006r0u,2016-09-20T10:10:55.040Z,"26km NE of Shughnon, Tajikistan",earthquake,8,8,0.072,56,reviewed,us,us
2016-09-20T07:18:13.810Z,49.9569,88.1648,13.83,4.9,mb,,62,4.5,1.3,us,us10006r07,2016-09-20T07:34:52.040Z,"20km SW of Chaganuzun, Russia",earthquake,8.2,4.4,0.088,40,reviewed,us,us
2016-09-20T01:31:40.050Z,-30.9361,59.0029,14.66,5.4,mb,,35,10.156,0.77,us,us10006qye,2016-09-20T01:48:38.040Z,"Southwest Indian Ridge",earthquake,9.4,3.8,0.057,105,reviewed,us,us
2016-09-20T00:11:47.510Z,-7.546,128.5603,159.52,4.7,mb,,48,2.748,0.95,us,us10006qy7,2016-09-20T00:35:56.040Z,"Kepulauan Barat Daya, Indonesia",earthquake,6.7,8.5,0.083,44,reviewed,us,us
2016-09-20T00:05:10.350Z,-10.9632,162.4938,73.29,4.9,mb,,63,2.928,0.74,us,us10006qy5,2016-09-20T00:29:55.040Z,"84km SE of Kirakira, Solomon Islands",earthquake,8.6,7.4,0.061,83,reviewed,us,us
2016-09-19T22:15:06.610Z,-1.9812,138.7049,37.98,4.9,mb,,62,6.517,0.66,us,us10006qxm,2016-09-19T22:36:35.040Z,"221km WNW of Abepura, Indonesia",earthquake,9.2,6.7,0.081,48,reviewed,us,us
2016-09-19T14:33:30.990Z,14.9319,-61.4814,174.57,4.5,mb,,41,0.316,0.68,us,us10006qua,2016-09-19T15:21:08.040Z,"35km SSW of Soufriere, Dominica",earthquake,5.1,5.3,0.076,51,reviewed,us,us
2016-09-19T13:06:39.930Z,-1.9673,140.5794,12.36,4.9,mb,,108,8.376,0.66,us,us10006qu3,2016-09-19T14:08:46.040Z,"64km NNW of Jayapura, Indonesia",earthquake,9.7,3.8,0.068,67,reviewed,us,us
2016-09-19T11:33:58.530Z,35.7436,129.1707,13.43,4.6,mwr,,97,0.496,0.63,us,us10006qtm,2016-09-23T15:59:59.536Z,"11km SSW of Kyonju, South Korea",earthquake,3.9,7.2,0.086,13,reviewed,us,us
2016-09-19T03:59:45.700Z,38.1744,20.3627,10,4.7,mb,,90,1.589,1.43,us,us10006qs3,2016-09-26T00:10:35.140Z,"6km WSW of Lixourion, Greece",earthquake,6.5,1.9,0.066,70,reviewed,us,us
2016-09-19T02:48:27.380Z,-9.7174,159.1307,10,4.5,mb,,74,0.851,1.02,us,us10006tt4,2016-09-30T03:54:08.040Z,"95km WSW of Honiara, Solomon Islands",earthquake,6.5,1.8,0.15,13,reviewed,us,us
2016-09-19T02:43:06.730Z,2.2089,98.7913,10,4.6,mb,,104,0.499,0.99,us,us10006qrt,2016-09-30T02:37:44.040Z,"18km ENE of Onan Ganjang, Indonesia",earthquake,3.8,1.9,0.091,36,reviewed,us,us
2016-09-18T11:02:20.370Z,-29.1809,60.9892,14.38,4.9,mb,,38,9.282,0.59,us,us10006qn5,2016-09-18T11:20:32.040Z,"Southwest Indian Ridge",earthquake,7.4,4.1,0.08,49,reviewed,us,us
2016-09-18T07:51:22.530Z,-2.0241,140.4995,10,4.7,mb,,130,14.198,0.59,us,us10006qm9,2016-09-18T08:21:51.040Z,"60km NNW of Jayapura, Indonesia",earthquake,12.1,1.9,0.079,49,reviewed,us,us
2016-09-18T07:46:07.650Z,-2.0565,140.5593,10,4.6,mb,,101,14.213,0.73,us,us10006qm8,2016-09-18T08:05:41.040Z,"54km NNW of Jayapura, Indonesia",earthquake,7.7,1.8,0.103,28,reviewed,us,us
2016-09-18T07:17:36.730Z,-2.0179,140.4715,10,5.5,mb,,36,6.89,0.77,us,us10006qm4,2016-09-18T15:57:46.000Z,"62km NNW of Jayapura, Indonesia",earthquake,8.6,1.9,0.045,174,reviewed,us,us
2016-09-18T05:54:15.230Z,2.6004,128.4831,60,4.6,mb,,117,2.131,0.72,us,us10006qlr,2016-09-18T06:17:27.040Z,"109km NNE of Tobelo, Indonesia",earthquake,8.1,8,0.082,44,reviewed,us,us
2016-09-18T05:43:58.300Z,-29.1488,60.9208,10,4.6,mb,,62,9.223,0.8,us,us10006qls,2016-09-18T06:42:14.040Z,"Southwest Indian Ridge",earthquake,7.1,1.9,0.122,20,reviewed,us,us
2016-09-18T04:43:48.250Z,53.7332,-165.4928,47.65,4.8,mb,,162,0.435,0.82,us,us10006qlh,2016-09-26T20:23:51.259Z,"48km SSE of Akutan, Alaska",earthquake,8.4,7.2,0.035,253,reviewed,us,us
2016-09-18T01:25:54.220Z,9.1434,126.0316,59.61,4.5,mb,,116,2.108,1.09,us,us10006qk2,2016-09-18T01:45:10.088Z,"9km S of Carmen, Philippines",earthquake,11,8.6,0.102,28,reviewed,us,us
2016-09-18T00:53:40.630Z,-1.989,140.4944,10,4.9,mb,,64,6.867,0.59,us,us10006qju,2016-09-18T01:13:17.040Z,"64km NNW of Jayapura, Indonesia",earthquake,9.6,1.9,0.078,52,reviewed,us,us
2016-09-17T22:20:55.170Z,-17.9443,-176.0469,349.39,4.6,mb,,135,5.623,0.76,us,us10006qik,2016-09-17T22:36:34.040Z,"231km WNW of Neiafu, Tonga",earthquake,14.8,6.7,0.105,27,reviewed,us,us
2016-09-17T21:47:48.950Z,-1.999,140.6583,10,4.6,mb,,122,8.451,0.45,us,us10006qhs,2016-09-17T22:06:43.115Z,"59km N of Jayapura, Indonesia",earthquake,7.5,1.9,0.081,46,reviewed,us,us
2016-09-17T20:34:19.810Z,-55.1209,-31.2396,10,4.9,mb,,67,3.158,0.6,us,us10006qh8,2016-09-17T21:15:11.040Z,"South Georgia Island region",earthquake,9.8,1.9,0.09,39,reviewed,us,us
2016-09-17T20:22:46.640Z,-4.7893,101.7775,22.78,4.6,mb,,166,1.249,0.9,us,us10006qh5,2016-09-17T21:35:04.040Z,"122km SSW of Bengkulu, Indonesia",earthquake,7.7,6.6,0.095,33,reviewed,us,us
2016-09-17T20:03:06.550Z,29.8091,129.2945,191.88,4.6,mb,,121,1.966,0.77,us,us10006qh7,2016-09-17T21:47:06.040Z,"160km N of Naze, Japan",earthquake,8.7,3.1,0.092,35,reviewed,us,us
2016-09-17T20:00:49.200Z,-2.0078,140.629,13.11,5,mb,,41,8.421,0.72,us,us10006qgw,2016-09-17T20:42:44.040Z,"58km N of Jayapura, Indonesia",earthquake,9.1,3.5,0.06,90,reviewed,us,us
2016-09-17T18:00:38.310Z,-55.3025,-31.5083,32.61,5.2,mb,,54,3.058,1,us,us10006qgc,2016-09-20T21:02:50.878Z,"South Georgia Island region",earthquake,5.3,3.6,0.057,102,reviewed,us,us
2016-09-17T16:27:47.440Z,12.9723,-88.7589,62.92,4.9,mb,,112,0.846,1.09,us,us10006qfq,2016-09-17T16:44:57.040Z,"41km SSW of Puerto El Triunfo, El Salvador",earthquake,7.5,14.7,0.075,56,reviewed,us,us
2016-09-17T14:34:10.040Z,-2.0845,140.6001,27.21,5.1,mb,,63,6.761,0.7,us,us10006qfe,2016-09-17T14:52:06.040Z,"50km NNW of Jayapura, Indonesia",earthquake,9.1,2,0.087,43,reviewed,us,us
2016-09-17T13:39:45.010Z,38.6666,142.3321,34.71,4.6,mb,,131,1.451,1.01,us,us10006qf5,2016-09-19T10:23:03.263Z,"69km SE of Ofunato, Japan",earthquake,6.6,6.1,0.126,19,reviewed,us,us
2016-09-17T11:02:48.050Z,-18.6064,-177.6943,629.27,4.7,mb,,121,4.133,0.9,us,us10006qea,2016-09-30T12:22:57.040Z,"249km NNE of Ndoi Island, Fiji",earthquake,14.1,8.3,0.082,45,reviewed,us,us
2016-09-17T09:29:53.800Z,0.5005,99.4075,107.68,4.7,mb,,115,1.641,1.06,us,us10006qdx,2016-09-17T09:49:41.481Z,"97km S of Padangsidempuan, Indonesia",earthquake,6.9,6.3,0.077,51,reviewed,us,us
2016-09-17T08:28:54.460Z,-54.8658,-30.5574,10,4.9,mb,,68,3.5,0.69,us,us10006qdq,2016-09-17T08:43:57.040Z,"293km NW of Visokoi Island, South Georgia and the South Sandwich Islands",earthquake,6.7,1.9,0.084,45,reviewed,us,us
2016-09-17T07:35:53.160Z,35.6075,141.0312,9.36,4.5,mwr,,113,0.923,1.18,us,us10006qdg,2016-09-19T13:35:13.075Z,"22km SE of Hasaki, Japan",earthquake,5.1,4.4,0.069,20,reviewed,us,us
2016-09-17T07:09:44.800Z,-6.6921,146.6411,114.44,4.6,mb,,102,2.743,0.76,us,us10006qdb,2016-09-17T07:27:42.040Z,"38km W of Lae, Papua New Guinea",earthquake,3.2,7.9,0.075,53,reviewed,us,us
2016-09-17T06:23:14.170Z,-2.0586,140.5868,10,4.9,mb,,61,6.775,0.51,us,us10006qd8,2016-09-17T06:39:58.040Z,"53km NNW of Jayapura, Indonesia",earthquake,8.9,1.9,0.083,45,reviewed,us,us
2016-09-17T03:55:57.670Z,-37.3012,-73.6826,17.66,4.6,mb,,132,0.678,0.85,us,us10006qck,2016-09-18T02:48:50.947Z,"32km W of Arauco, Chile",earthquake,6.7,4.9,0.078,50,reviewed,us,us
2016-09-17T02:31:59.900Z,-16.013,167.4309,36.76,6,mwp,,36,4.742,1.13,us,us10006qbn,2016-09-18T15:57:45.000Z,"7km NE of Norsup, Vanuatu",earthquake,7.2,6.1,,,reviewed,us,us
2016-09-17T02:30:57.090Z,-4.4357,102.8411,60.33,5.5,mb,,72,0.136,0.86,us,us10006qbk,2016-09-17T04:36:25.082Z,"66km SW of Pagaralam, Indonesia",earthquake,10.3,5.7,0.051,132,reviewed,us,us
2016-09-17T02:06:35.900Z,-2.0609,140.5609,10,5.1,mb,,65,6.801,1.16,us,us10006qbb,2016-09-17T02:25:11.040Z,"54km NNW of Jayapura, Indonesia",earthquake,8.5,1.9,0.062,85,reviewed,us,us
2016-09-17T01:20:18.120Z,-2.1156,140.5721,10,5.9,mwp,,26,6.79,1.13,us,us10006qas,2016-09-18T15:57:43.000Z,"48km NNW of Jayapura, Indonesia",earthquake,7.3,1.8,,,reviewed,us,us
2016-09-16T23:28:25.390Z,48.4898,154.659,55.75,4.7,mb,,164,5.009,0.63,us,us10006qa3,2016-09-16T23:47:00.040Z,"265km SSW of Severo-Kuril'sk, Russia",earthquake,10.7,8.1,0.071,60,reviewed,us,us
2016-09-16T18:38:05.050Z,-29.1395,60.934,10,5.4,mwb,,18,9.222,0.58,us,us10006q7u,2016-09-20T19:12:02.972Z,"Southwest Indian Ridge",earthquake,8.6,1.7,0.058,29,reviewed,us,us
2016-09-16T17:42:32.900Z,-33.7754,-179.3549,53.46,4.8,mb,,97,4.23,1.1,us,us10006q7l,2016-09-20T16:06:57.040Z,"263km S of L'Esperance Rock, New Zealand",earthquake,8.9,7.7,0.088,44,reviewed,us,us
2016-09-16T17:12:31.360Z,34.4676,141.9572,27.68,4.6,mb,,122,2.237,1.22,us,us10006q6r,2016-09-20T15:43:28.040Z,"168km ESE of Katsuura, Japan",earthquake,7.4,6.5,0.125,19,reviewed,us,us
2016-09-16T15:50:07.640Z,-24.8732,-176.9783,116.89,4.8,mb,,130,4.436,1.24,us,us10006q5m,2016-09-16T16:08:40.040Z,"South of the Fiji Islands",earthquake,11.8,11.3,0.101,30,reviewed,us,us
2016-09-16T12:04:38.840Z,-54.7352,-30.9843,10,5.3,mb,,65,3.24,0.59,us,us10006q3i,2016-09-16T12:20:28.040Z,"South Sandwich Islands region",earthquake,11.1,1.9,0.072,65,reviewed,us,us
2016-09-16T08:22:09.750Z,-12.5069,166.4161,72.23,4.8,mb,,196,7.044,0.92,us,us10006q2g,2016-09-16T08:46:32.040Z,"195km NW of Sola, Vanuatu",earthquake,13.8,9.3,0.104,29,reviewed,us,us
2016-09-16T07:50:47.680Z,5.7091,125.5222,203.45,5.3,mb,,28,1.352,0.84,us,us10006q1w,2016-09-16T17:45:59.040Z,"3km ESE of Kalbay, Philippines",earthquake,2.7,6.5,0.042,188,reviewed,us,us
2016-09-16T05:44:27.360Z,-7.5687,128.2194,167.25,4.7,mb,,57,3.079,1.03,us,us10006q11,2016-09-16T06:02:58.040Z,"Kepulauan Barat Daya, Indonesia",earthquake,8.6,8.7,0.096,33,reviewed,us,us
2016-09-16T02:38:39.810Z,-27.738,-177.6383,115.56,4.8,mb,,77,1.523,0.83,us,us10006q03,2016-09-16T02:57:05.040Z,"171km N of Raoul Island, New Zealand",earthquake,7.9,6,0.046,147,reviewed,us,us
2016-09-16T02:13:13.730Z,0.757,-28.0652,10,4.8,mb,,97,10.198,0.95,us,us10006q01,2016-09-16T02:37:24.040Z,"Central Mid-Atlantic Ridge",earthquake,9,1.9,0.095,34,reviewed,us,us
2016-09-16T00:30:53.190Z,15.4416,-91.8306,166.33,4.5,mb,,117,0.339,1.05,us,us10006pzi,2016-09-16T00:59:05.040Z,"6km S of La Libertad, Guatemala",earthquake,7.1,7.9,0.079,47,reviewed,us,us
2016-09-15T19:45:55.100Z,-3.858,128.9966,113,5.5,mb,,42,4.693,0.98,us,us10006pwz,2016-09-17T16:20:15.000Z,"49km SE of Saparua, Indonesia",earthquake,5.5,4.4,0.042,192,reviewed,us,us
2016-09-15T16:54:02.000Z,53.7528,-164.1566,41,4.5,ml,9,219.599982432001,,0.26,ak,ak14006099,2016-09-20T21:22:16.009Z,"114km ESE of Akutan, Alaska",earthquake,1.2,1.1,,,reviewed,ak,ak
2016-09-15T15:31:07.100Z,-38.0298,-73.4499,24.97,4.5,mwr,,132,1.296,1,us,us10006pti,2016-09-20T15:14:32.634Z,"25km S of Canete, Chile",earthquake,6.1,5.4,0.063,24,reviewed,us,us
2016-09-15T13:46:44.560Z,17.2504,-94.8009,51.65,5.1,mb,,141,2.727,0.97,us,us10006psr,2016-09-16T18:14:57.000Z,"30km ENE of Palomares, Mexico",earthquake,7.4,11,0.068,71,reviewed,us,us
2016-09-15T06:42:24.010Z,-6.3523,-76.7042,29.45,4.6,mb,,120,3.646,0.69,us,us10006pq2,2016-09-16T04:38:31.000Z,"2km W of Tabalosos, Peru",earthquake,7.8,6.7,0.059,86,reviewed,us,us
2016-09-15T05:57:24.900Z,12.4501,-86.6352,10,5.4,mb,,121,0.079,1.09,us,us10006ppy,2016-09-20T18:27:37.780Z,"12km NNE of La Paz Centro, Nicaragua",earthquake,4.7,1.8,0.026,518,reviewed,us,us
2016-09-15T02:30:48.000Z,10.2111,91.6828,25.75,5,mb,,117,1.773,0.77,us,us10006pnx,2016-09-15T03:06:53.311Z,"198km SW of Port Blair, India",earthquake,4.9,5.6,0.088,41,reviewed,us,us
2016-09-14T21:32:01.760Z,-9.588,158.476,14.69,4.8,mb,,93,1.459,0.83,us,us10006pm8,2016-09-14T21:59:26.040Z,"162km W of Honiara, Solomon Islands",earthquake,6.4,4,0.074,57,reviewed,us,us
2016-09-14T21:16:16.900Z,-29.0008,-71.508,19.27,4.7,mb,,98,0.707,1.05,us,us10006pm4,2016-09-14T21:46:19.040Z,"87km WSW of Vallenar, Chile",earthquake,5.1,2.6,0.142,15,reviewed,us,us
2016-09-14T20:16:08.620Z,34.5466,141.4813,29.82,4.6,mb,,100,1.983,1.24,us,us10006plg,2016-09-14T23:13:41.203Z,"126km ESE of Katsuura, Japan",earthquake,8.1,5.3,0.056,94,reviewed,us,us
2016-09-14T19:23:56.170Z,-9.2827,119.4401,101.01,4.6,mb,,93,2.837,1.18,us,us10006pk3,2016-09-14T21:47:48.040Z,"12km NNW of Sawirara, Indonesia",earthquake,3.5,7.6,0.065,71,reviewed,us,us
2016-09-14T18:03:26.450Z,-56.0855,-27.5746,115.09,5.2,mb,,60,5.417,0.93,us,us10006pj2,2016-09-14T18:25:01.040Z,"72km NNW of Visokoi Island, South Georgia and the South Sandwich Islands",earthquake,9.1,4,0.075,58,reviewed,us,us
2016-09-14T17:55:37.960Z,-37.5056,179.2719,8.11,5.2,mb,,224,0.769,0.59,us,us10006pix,2016-09-14T22:39:51.040Z,"169km NE of Gisborne, New Zealand",earthquake,3.3,4.9,0.1,33,reviewed,us,us
2016-09-14T16:50:36.070Z,0.5673,-79.9646,6.27,4.7,mb,,138,1.548,1.15,us,us10006pij,2016-09-27T00:42:30.035Z,"8km ESE of Muisne, Ecuador",earthquake,6.5,4.4,0.055,102,reviewed,us,us
2016-09-14T16:09:27.070Z,-37.3271,179.1604,10,4.7,mwr,,143,0.719,1.22,us,us10006phx,2016-09-27T00:13:30.040Z,"178km NE of Gisborne, New Zealand",earthquake,5.6,1.6,0.089,12,reviewed,us,us
2016-09-14T15:59:34.140Z,7.3934,-76.2278,10,4.8,mb,,83,3.162,1.49,us,us10006pht,2016-09-22T02:33:57.582Z,"28km NE of Mutata, Colombia",earthquake,6.9,1.9,0.059,88,reviewed,us,us
2016-09-14T12:02:51.680Z,7.3131,-76.1638,10,4.7,mb,,83,3.061,1.08,us,us10006pgh,2016-09-14T12:23:10.040Z,"30km ENE of Mutata, Colombia",earthquake,7.1,1.9,0.076,52,reviewed,us,us
2016-09-14T09:32:36.760Z,46.0981,93.7655,16,4.9,mb,,43,7.957,0.81,us,us10006pg4,2016-09-14T10:00:58.040Z,"25km SSW of Dzuyl, Mongolia",earthquake,8.2,4.4,0.043,173,reviewed,us,us
2016-09-14T09:18:25.320Z,-1.2382,-14.3036,10,4.9,mb,,63,6.65,0.82,us,us10006pg1,2016-09-14T09:45:54.040Z,"North of Ascension Island",earthquake,10.5,1.9,0.077,53,reviewed,us,us
2016-09-14T07:24:59.890Z,-9.3681,159.1458,10,6,mwb,,22,0.794,1.3,us,us10006pfn,2016-09-14T19:49:19.000Z,"88km W of Honiara, Solomon Islands",earthquake,6.8,1.9,0.061,26,reviewed,us,us
2016-09-14T06:46:59.230Z,7.3397,-76.163,10,4.9,mb,,83,3.081,1.24,us,us10006pfi,2016-09-14T21:21:30.620Z,"31km ENE of Mutata, Colombia",earthquake,5.4,1.8,0.04,198,reviewed,us,us
2016-09-14T06:21:19.100Z,47.4648,153.7115,56.64,4.7,mb,,172,6.199,1.14,us,us10006peg,2016-09-14T06:40:16.040Z,"Kuril Islands",earthquake,11,8.5,0.039,195,reviewed,us,us
2016-09-14T06:02:31.240Z,-29.2335,60.9558,10,4.7,mb,,96,9.311,0.61,us,us10006pef,2016-09-14T06:19:20.040Z,"Southwest Indian Ridge",earthquake,10.2,1.9,0.108,26,reviewed,us,us
2016-09-14T03:56:33.720Z,56.5133,112.365,10,4.9,mb,,96,9.252,0.77,us,us10006pe4,2016-09-14T04:16:25.584Z,"56km NE of Novyy Uoyan, Russia",earthquake,10.1,1.9,0.037,223,reviewed,us,us
2016-09-14T02:20:03.390Z,37.8903,20.1525,10,4.5,mb,,120,1.578,0.76,us,us10006pdv,2016-09-26T21:51:09.629Z,"42km SW of Lixourion, Greece",earthquake,2.7,1.9,0.181,9,reviewed,us,us
2016-09-14T01:58:31.410Z,7.3775,-76.1564,17,6,mww,,32,3.108,1.18,us,us10006pdp,2016-09-22T02:37:12.792Z,"34km ENE of Mutata, Colombia",earthquake,6.6,1.8,,,reviewed,us,us
2016-09-13T21:16:49.590Z,-4.906,153.4275,50.39,4.8,mb,,118,1.446,1.27,us,us10006pcc,2016-09-13T21:58:33.040Z,"65km SE of Taron, Papua New Guinea",earthquake,8.9,7.4,0.076,54,reviewed,us,us
2016-09-13T10:51:15.510Z,-28.7185,-111.663,10,4.9,mb,,186,2.509,0.84,us,us10006p8l,2016-09-13T11:16:31.040Z,"279km SW of Hanga Roa, Chile",earthquake,14.8,2,0.063,92,reviewed,us,us
2016-09-13T10:12:27.460Z,35.8886,139.7504,77.99,5.2,mb,,111,0.493,0.92,us,us10006p8f,2016-09-18T05:46:20.576Z,"3km W of Koshigaya, Japan",earthquake,5.4,6.2,0.029,403,reviewed,us,us
2016-09-13T06:39:49.960Z,-7.0795,129.845,101.08,4.9,mb,,87,1.697,1.09,us,us10006p7v,2016-09-13T08:52:27.040Z,"188km WNW of Saumlaki, Indonesia",earthquake,7.6,2.9,0.082,47,reviewed,us,us
2016-09-13T06:14:51.290Z,37.7354,21.0686,10,4.6,mb,,91,0.879,1.41,us,us10006p7s,2016-09-16T17:04:31.978Z,"13km SSW of Ayios Nikolaos, Greece",earthquake,5.1,1.7,0.114,27,reviewed,us,us
2016-09-12T23:30:40.260Z,35.6921,140.1982,60.2,4.6,mb,,124,0.537,0.68,us,us10006p66,2016-10-01T05:15:09.073Z,"4km SW of Sakura, Japan",earthquake,5.7,5.2,0.087,40,reviewed,us,us
2016-09-12T22:52:35.650Z,-29.2169,60.8008,10,4.6,mb,,62,9.227,0.68,us,us10006p5v,2016-09-26T02:15:26.040Z,"Southwest Indian Ridge",earthquake,11.4,1.9,0.1,30,reviewed,us,us
2016-09-12T22:15:51.470Z,-18.1433,168.3427,31.5,4.7,mb,,113,2.819,1.36,us,us10006p5h,2016-09-22T02:15:46.737Z,"45km S of Port-Vila, Vanuatu",earthquake,10.9,4,0.114,23,reviewed,us,us
2016-09-12T17:00:13.670Z,13.2144,50.3219,10,4.5,mb,,105,7.492,0.86,us,us10006p30,2016-09-12T21:32:46.040Z,"168km NNW of Bereeda, Somalia",earthquake,10.1,1.9,0.082,44,reviewed,us,us
2016-09-12T15:10:09.200Z,-4.9377,101.7522,9.54,5.3,mb,,31,1.329,1,us,us10006p2j,2016-09-12T22:04:41.040Z,"138km SSW of Bengkulu, Indonesia",earthquake,7.8,3.1,0.05,134,reviewed,us,us
2016-09-12T13:39:19.550Z,18.8477,146.2478,85.83,4.7,mb,,97,3.613,0.54,us,us10006p22,2016-09-12T16:53:18.040Z,"61km E of Agrihan, Northern Mariana Islands",earthquake,6.2,6.7,0.043,161,reviewed,us,us
2016-09-12T11:32:55.760Z,35.7805,129.215,13,5.4,mww,,29,0.537,0.85,us,us10006p1f,2016-09-29T08:48:54.788Z,"6km S of Kyonju, South Korea",earthquake,5,1.7,,,reviewed,us,us
2016-09-12T10:44:33.350Z,35.7574,129.0961,10,4.9,mb,,49,0.507,1.26,us,us10006p12,2016-09-15T08:03:35.801Z,"14km SW of Kyonju, South Korea",earthquake,4.3,1.9,0.09,39,reviewed,us,us
2016-09-12T10:38:19.940Z,-11.3046,113.8511,38.82,4.7,mb,,97,2.832,0.62,us,us10006p10,2016-09-12T11:42:52.040Z,"South of Java, Indonesia",earthquake,7.6,8.9,0.093,35,reviewed,us,us
2016-09-12T08:26:05.010Z,38.9221,27.7712,10,4.5,mb,,25,0.751,1.01,us,us10006nzz,2016-09-12T21:09:30.487Z,"5km W of Akhisar, Turkey",earthquake,5.6,1.9,0.096,32,reviewed,us,us
2016-09-12T06:51:55.290Z,-28.7688,-112.5644,10,5.4,mb,,107,3.198,0.93,us,us10006nyk,2016-09-13T16:22:15.000Z,"Easter Island region",earthquake,8.5,1.9,0.029,418,reviewed,us,us
2016-09-12T04:50:28.180Z,-47.621,-13.1707,10,4.6,mb,,208,24.609,0.66,us,us10006qw1,2016-09-21T01:08:50.040Z,"Southern Mid-Atlantic Ridge",earthquake,9.4,2,0.146,14,reviewed,us,us
2016-09-12T03:30:16.440Z,-29.2854,60.8365,10,4.6,mb,,89,9.302,1.02,us,us10006quv,2016-09-20T23:03:39.040Z,"Southwest Indian Ridge",earthquake,9.5,1.9,0.182,9,reviewed,us,us
2016-09-12T03:12:58.530Z,-19.1839,-177.578,539.3,4.8,mb,,37,4.386,0.93,us,us10006nxn,2016-09-20T22:50:26.040Z,"200km NE of Ndoi Island, Fiji",earthquake,6.8,5.5,0.03,338,reviewed,us,us
2016-09-12T01:33:38.820Z,-19.5302,-173.641,35,4.6,mb,,102,3.536,1.11,us,us10006qut,2016-09-20T02:07:07.040Z,"80km ENE of Pangai, Tonga",earthquake,12.8,2,0.12,21,reviewed,us,us
2016-09-12T00:32:09.950Z,1.6019,126.7986,42.28,4.8,mb,,86,1.001,1.18,us,us10006nww,2016-10-01T04:52:10.040Z,"110km NW of Kota Ternate, Indonesia",earthquake,5.1,6.7,0.062,81,reviewed,us,us
2016-09-11T21:27:34.710Z,-2.4764,99.976,39.83,4.7,mb,,173,2.98,0.53,us,us10006nwe,2016-09-12T00:44:59.040Z,"129km SE of Muara Siberut, Indonesia",earthquake,8.9,8,0.077,52,reviewed,us,us
2016-09-11T19:59:07.450Z,-2.6422,-77.664,105.43,4.5,mb,,64,0.971,1.25,us,us10006nvr,2016-09-11T21:47:47.725Z,"59km ESE of Sucua, Ecuador",earthquake,7.3,2.5,0.088,38,reviewed,us,us
2016-09-11T15:35:11.010Z,-6.4508,105.0388,55.71,4.7,mb,,134,2.934,1.28,us,us10006nv5,2016-09-11T15:49:48.040Z,"70km WNW of Babakantonggoh, Indonesia",earthquake,4.9,10.8,0.13,18,reviewed,us,us
2016-09-11T13:10:07.690Z,42.0124,21.4809,10,5.3,mb,,24,1.382,0.87,us,us10006nuj,2016-09-27T21:38:49.747Z,"4km ENE of Skopje, Macedonia",earthquake,4.5,1.8,0.078,55,reviewed,us,us
2016-09-11T11:02:49.590Z,12.0875,144.0939,10,4.6,mb,,104,1.672,0.92,us,us10006q5a,2016-09-26T12:22:22.040Z,"144km SSW of Merizo Village, Guam",earthquake,12.2,1.9,0.125,19,reviewed,us,us
2016-09-11T03:22:06.060Z,37.4944,141.6746,42.87,4.5,mb,,134,0.795,1.37,us,us10006nrq,2016-09-11T07:52:21.039Z,"59km E of Namie, Japan",earthquake,5.2,6.6,0.078,48,reviewed,us,us
2016-09-10T20:54:09.460Z,-6.4714,146.8147,76.46,5,mb,,36,2.934,1.13,us,us10006nq0,2016-09-11T08:56:52.551Z,"33km NW of Lae, Papua New Guinea",earthquake,7.9,6.4,0.065,76,reviewed,us,us
2016-09-10T16:29:09.540Z,5.6031,126.8083,83.74,5.3,mb,,62,1.901,1.03,us,us10006nlv,2016-09-10T16:46:12.040Z,"109km SE of Pondaguitan, Philippines",earthquake,8.3,8,0.087,45,reviewed,us,us
2016-09-10T16:08:18.220Z,-5.6809,149.7804,135.28,5.1,mb,,79,2.798,0.76,us,us10006nlt,2016-09-10T16:20:52.040Z,"42km WSW of Kimbe, Papua New Guinea",earthquake,8.5,9,0.085,45,reviewed,us,us
2016-09-10T15:06:58.600Z,-5.1898,150.8453,176.95,4.8,mb,,86,1.646,0.95,us,us10006nlm,2016-09-10T15:29:32.264Z,"87km ENE of Kimbe, Papua New Guinea",earthquake,8.7,7.8,0.08,48,reviewed,us,us
2016-09-10T13:22:35.150Z,-9.7963,111.7042,35.47,4.7,mb,,158,2.205,1.11,us,us10006nld,2016-09-10T13:37:13.770Z,"168km S of Ngulung Wetan, Indonesia",earthquake,7.3,7.4,0.13,18,reviewed,us,us
2016-09-10T12:49:07.640Z,-37.5468,179.351,10,4.7,mb,,125,0.83,0.89,us,us10006nl4,2016-09-26T11:29:19.040Z,"170km NE of Gisborne, New Zealand",earthquake,8.2,1.9,0.102,29,reviewed,us,us
2016-09-10T12:27:33.410Z,-1.035,31.618,40,5.9,mww,,21,5.634,0.88,us,us10006nkx,2016-09-26T07:00:43.712Z,"27km ENE of Nsunga, Tanzania",earthquake,8.9,1.9,,,reviewed,us,us
2016-09-10T11:21:16.680Z,-9.7543,111.7817,29.81,4.6,mb,,64,2.212,0.58,us,us10006nkt,2016-09-24T07:27:10.040Z,"164km SSE of Ngulung Wetan, Indonesia",earthquake,7.3,6.2,0.09,37,reviewed,us,us
2016-09-10T10:08:19.610Z,-5.5828,-76.9648,114.44,6,mb,,99,2.857,0.94,us,us10006nkg,2016-09-14T02:17:06.935Z,"51km N of Moyobamba, Peru",earthquake,5.8,6,0.022,764,reviewed,us,us
2016-09-10T07:00:36.460Z,-27.0253,-114.0223,10,4.7,mb,,117,4.091,0.5,us,us10006nk1,2016-09-10T07:20:54.686Z,"Easter Island region",earthquake,13.1,2,0.064,75,reviewed,us,us
2016-09-10T06:30:51.580Z,-26.8481,-113.8088,10,4.7,mb,,116,3.914,0.71,us,us10006njv,2016-09-10T06:54:05.040Z,"Easter Island region",earthquake,12.5,1.9,0.059,86,reviewed,us,us
2016-09-10T02:49:56.580Z,-9.8527,111.661,29.72,5.2,mb,,65,2.231,1.09,us,us10006nii,2016-09-10T03:08:17.040Z,"173km S of Ngulung Wetan, Indonesia",earthquake,7,5.2,0.063,88,reviewed,us,us
2016-09-10T00:55:33.250Z,-19.5127,-69.0805,124.19,5,mb,,74,0.188,0.96,us,us10006ni0,2016-09-27T00:36:46.040Z,"136km NE of Iquique, Chile",earthquake,5.9,7.3,0.137,17,reviewed,us,us
2016-09-10T00:46:18.380Z,30.2163,82.6753,35,4.9,mb,,92,3.402,0.89,us,us10006nhy,2016-10-01T04:43:19.040Z,"114km NNE of Jumla, Nepal",earthquake,7.2,1.9,0.048,138,reviewed,us,us
2016-09-10T00:25:17.270Z,11.7012,-86.8281,45.63,5,mwr,,51,0.731,0.88,us,us10006nhr,2016-09-27T00:22:52.768Z,"35km WSW of Masachapa, Nicaragua",earthquake,5.6,4.3,0.044,50,reviewed,us,us
2016-09-09T23:49:52.850Z,-24.4425,-179.7767,516.37,4.5,mb,,100,6.965,0.69,us,us10006nnj,2016-09-30T05:04:21.040Z,"South of the Fiji Islands",earthquake,15.9,10.5,0.09,36,reviewed,us,us
2016-09-09T23:02:25.380Z,34.4646,141.6378,10,4.6,mb,,120,2.029,0.74,us,us10006nhd,2016-10-01T04:14:17.040Z,"143km ESE of Katsuura, Japan",earthquake,6.4,1.9,0.082,44,reviewed,us,us
2016-09-09T22:02:47.770Z,-40.4577,173.9458,98.24,4.7,mwr,,40,0.871,1.35,us,us10006ngh,2016-09-27T00:04:57.932Z,"90km SSW of Patea, New Zealand",earthquake,4.5,5.2,0.061,26,reviewed,us,us
2016-09-09T17:24:21.200Z,36.896,25.5963,175.07,4.6,mb,,56,0.535,0.99,us,us10006ndm,2016-09-12T08:46:39.916Z,"19km SSE of Filotion, Greece",earthquake,5.2,7.1,0.062,79,reviewed,us,us
2016-09-09T17:17:54.590Z,22.1102,-45.8565,10,5.5,mb,,65,15.475,0.95,us,us10006ndk,2016-09-09T20:57:31.000Z,"Northern Mid-Atlantic Ridge",earthquake,9.8,1.8,0.022,690,reviewed,us,us
2016-09-09T15:27:29.750Z,-0.0648,123.8084,97.83,4.6,mb,,46,1.42,1,us,us10006nbx,2016-09-09T15:50:42.040Z,"53km SSW of Molibagu, Indonesia",earthquake,6.2,7.4,0.088,39,reviewed,us,us
2016-09-09T14:36:13.490Z,-6.3232,130.1914,135.2,4.5,mb,,90,1.981,0.91,us,us10006nbl,2016-09-24T07:08:44.040Z,"218km NW of Saumlaki, Indonesia",earthquake,8,7.5,0.091,37,reviewed,us,us
2016-09-09T14:18:02.950Z,36.7014,140.5984,93.46,4.6,mb,,133,0.573,1.2,us,us10006nbg,2016-09-24T06:47:24.618Z,"10km W of Takahagi, Japan",earthquake,6.6,6.4,0.076,52,reviewed,us,us
2016-09-09T11:53:16.090Z,36.3855,141.0932,31.25,5.2,mb,,36,0.745,1.3,us,us10006nax,2016-09-12T23:50:17.015Z,"44km E of Oarai, Japan",earthquake,6.1,3.9,0.03,361,reviewed,us,us
2016-09-09T01:16:38.950Z,13.4723,-91.6281,36.23,4.5,mb,,135,1.048,1.14,us,us10006n8k,2016-09-09T22:57:22.040Z,"87km SSW of Nueva Concepcion, Guatemala",earthquake,7.5,8.2,0.04,189,reviewed,us,us
2016-09-09T00:30:01.890Z,41.2977,129.0147,0,5.3,mb,,15,3.081,0.58,us,us10006n8a,2016-09-13T17:05:12.324Z,"19km ENE of Sungjibaegam, North Korea",explosion,2.1,1.7,0.024,571,reviewed,us,us
2016-09-09T00:03:45.090Z,-31.3743,-65.8031,156.8,5.6,mww,,12,2.468,0.91,us,us10006n81,2016-09-27T05:43:36.402Z,"68km W of Salsacate, Argentina",earthquake,6.7,4.1,,,reviewed,us,us
2016-09-08T23:35:06.290Z,8.6016,93.8842,80.77,4.5,mb,,102,3.235,0.67,us,us10006n7k,2016-09-20T02:45:24.040Z,"94km NE of Mohean, India",earthquake,7.1,8,0.088,38,reviewed,us,us
2016-09-08T23:27:54.540Z,-17.9333,-178.473,568.67,4.5,mb,,73,3.314,0.97,us,us10006n7i,2016-09-20T02:36:18.040Z,"283km SE of Lambasa, Fiji",earthquake,10.7,6.2,0.034,260,reviewed,us,us
2016-09-08T22:58:05.010Z,-29.2547,60.8628,10,4.5,mb,,167,9.287,0.8,us,us10006pr7,2016-09-25T00:12:59.040Z,"Southwest Indian Ridge",earthquake,13.6,1.9,0.22,6,reviewed,us,us
2016-09-08T22:41:45.010Z,-56.4827,-25.5104,89.06,4.7,mb,,109,6.632,1.03,us,us10006pr3,2016-09-25T02:17:01.040Z,"106km ENE of Visokoi Island, South Georgia and the South Sandwich Islands",earthquake,13.2,10.2,0.104,28,reviewed,us,us
2016-09-08T22:12:26.180Z,-29.1488,61.1552,10,4.6,mb,,105,9.333,0.52,us,us10006pr2,2016-09-25T02:44:19.040Z,"Southwest Indian Ridge",earthquake,9,1.9,0.183,9,reviewed,us,us
2016-09-08T21:46:20.100Z,-54.6155,158.7141,10,6.1,mww,,45,0.183,0.81,us,us10006n6r,2016-09-20T03:41:17.350Z,"21km SW of Macquarie Island, Australia",earthquake,8.8,1.7,,,reviewed,us,us
2016-09-08T19:36:04.410Z,-4.818,101.9804,30.58,4.6,mb,,163,1.073,0.96,us,us10006n4p,2016-09-08T20:27:46.040Z,"116km SSW of Bengkulu, Indonesia",earthquake,8.6,6.2,0.078,49,reviewed,us,us
2016-09-08T13:35:14.490Z,11.1632,-85.7586,84.77,4.5,mb,,146,0.474,0.9,us,us10006n0u,2016-09-22T18:24:34.682Z,"15km SE of San Juan del Sur, Nicaragua",earthquake,4.7,8.5,0.089,37,reviewed,us,us
2016-09-08T12:13:52.710Z,44.469,149.1559,32.37,5.2,mb,,95,4.724,0.8,us,us10006n0k,2016-09-08T12:31:40.040Z,"131km SE of Kuril'sk, Russia",earthquake,8.9,5,0.024,573,reviewed,us,us
2016-09-08T11:00:27.630Z,27.8135,129.8697,25.05,4.9,mb,,129,1.722,1.21,us,us10006n09,2016-09-08T11:28:06.040Z,"72km SSE of Naze, Japan",earthquake,8.2,5,0.064,96,reviewed,us,us
2016-09-08T10:15:18.680Z,0.9652,-90.6861,10,4.5,mb,,163,1.676,1.5,us,us10006n06,2016-09-08T12:16:01.040Z,"192km N of Puerto Ayora, Ecuador",earthquake,8.1,1.9,0.047,131,reviewed,us,us
2016-09-08T09:38:45.450Z,-15.6336,-70.4854,192.75,4.5,mb,,119,2.725,0.92,us,us10006mzm,2016-09-08T09:53:53.040Z,"14km ENE of Santa Lucia, Peru",earthquake,3.8,10.6,0.05,117,reviewed,us,us
2016-09-08T08:14:49.890Z,39.681,-29.6361,10,4.6,mb,,106,1.443,0.39,us,us10006mz8,2016-09-08T08:33:24.040Z,"129km ENE of Santa Cruz das Flores, Portugal",earthquake,11,1.9,0.069,64,reviewed,us,us
2016-09-08T05:10:45.360Z,31.2363,138.4364,355.07,4.7,mb,,47,2.207,0.64,us,us10006my0,2016-09-08T05:32:53.040Z,"241km SSW of Hachijo-jima, Japan",earthquake,6.8,3.5,0.028,382,reviewed,us,us
2016-09-08T02:34:01.920Z,-21.8435,-68.5971,128.99,5,mb,,31,0.6,1.16,us,us10006mxc,2016-09-09T16:25:50.000Z,"77km NNE of Calama, Chile",earthquake,6.9,7.9,0.399,2,reviewed,us,us
2016-09-07T22:54:32.510Z,-32.3468,-71.704,33.87,4.9,mb,,72,0.404,0.97,us,us10006mwe,2016-09-08T02:24:58.382Z,"46km WNW of La Ligua, Chile",earthquake,4.5,4.4,0.05,126,reviewed,us,us
2016-09-07T22:20:46.710Z,54.5285,168.6629,10,4.6,mb,,95,3.705,0.81,us,us10006mw6,2016-09-07T22:47:51.558Z,"186km ESE of Nikol'skoye, Russia",earthquake,9.2,0.8,0.045,147,reviewed,us,us
2016-09-07T20:47:07.550Z,54.4516,168.7357,10,5.2,mb,,78,3.633,1.36,us,us10006muw,2016-09-07T20:59:41.040Z,"194km ESE of Nikol'skoye, Russia",earthquake,8.3,1.9,0.035,272,reviewed,us,us
2016-09-07T20:37:13.100Z,54.4762,168.7604,10,4.8,mb,,96,3.631,0.84,us,us10006mus,2016-09-07T20:51:49.040Z,"194km ESE of Nikol'skoye, Russia",earthquake,9.1,1.9,0.042,176,reviewed,us,us
2016-09-07T20:07:36.500Z,54.577,168.6349,10,5.5,mb,,54,3.742,0.96,us,us10006mu8,2016-09-13T17:02:03.000Z,"182km ESE of Nikol'skoye, Russia",earthquake,7.8,1.8,0.023,639,reviewed,us,us
2016-09-07T20:03:24.080Z,-20.0918,-69.1346,100.08,5.4,mb,,59,0.424,1.4,us,us10006mu3,2016-09-08T03:27:40.040Z,"106km E of Iquique, Chile",earthquake,5.8,3.9,0.038,237,reviewed,us,us
2016-09-07T16:31:34.470Z,-10.8391,164.1989,10,4.5,mb,,148,4.411,0.42,us,us10006pew,2016-09-16T00:16:31.040Z,"179km W of Lata, Solomon Islands",earthquake,7.4,1.9,0.171,10,reviewed,us,us
2016-09-07T15:44:51.460Z,6.8273,120.8817,51.75,4.5,mb,,77,2.882,0.72,us,us10006mpr,2016-09-15T23:20:14.881Z,"66km NNE of Simbahan, Philippines",earthquake,10,7.2,0.091,35,reviewed,us,us
2016-09-07T14:32:40.410Z,-0.926,120.4,20.58,5.1,mb,,48,2.059,1.07,us,us10006mp9,2016-09-07T14:49:34.040Z,"59km E of Palu, Indonesia",earthquake,6.2,5.3,0.081,50,reviewed,us,us
2016-09-07T11:29:45.430Z,-38.9483,175.7901,109.6,4.5,mb,,57,0.588,1.24,us,us10006mnj,2016-09-07T11:50:31.040Z,"13km WNW of Turangi, New Zealand",earthquake,4.3,8,0.111,24,reviewed,us,us
2016-09-07T09:42:02.400Z,42.3427,142.8217,102.91,4.9,mb,,124,1.132,1.2,us,us10006mmx,2016-09-07T10:23:22.040Z,"37km E of Shizunai, Japan",earthquake,7.9,5.8,0.03,460,reviewed,us,us
2016-09-07T09:03:03.430Z,-24.01,-66.7734,193.44,4.5,mb,,39,1.665,1.15,us,us10006mmp,2016-09-07T09:18:43.040Z,"51km WNW of San Antonio de los Cobres, Argentina",earthquake,7.5,7.8,0.044,152,reviewed,us,us
2016-09-07T05:56:07.820Z,6.7171,144.7099,10,4.7,mb,,74,6.83,1.51,us,us10006mm1,2016-09-07T06:16:13.040Z,"65km SSE of Ifalik, Micronesia",earthquake,11,1.9,0.085,42,reviewed,us,us
2016-09-07T04:54:22.890Z,8.3609,126.0149,10,5,mb,,78,1.353,0.74,us,us10006mlv,2016-09-07T05:08:26.040Z,"3km SSE of Rosario, Philippines",earthquake,8.7,1.9,0.097,34,reviewed,us,us
2016-09-07T04:28:49.410Z,36.1851,140.0558,47.6,4.9,mb,,101,0.118,1.21,us,us10006mlm,2016-09-18T05:51:17.969Z,"4km WSW of Tsukuba, Japan",earthquake,4.5,5.6,0.034,274,reviewed,us,us
2016-09-07T02:16:52.740Z,26.2682,126.8611,68.67,4.6,mb,,72,1.385,0.85,us,us10006mkz,2016-09-19T23:51:09.394Z,"81km W of Tomigusuku, Japan",earthquake,6.7,5.6,0.063,75,reviewed,us,us
2016-09-07T01:36:49.770Z,51.5548,-173.5039,42.29,4.8,mb,,140,0.809,1.15,us,us10006mkv,2016-09-20T00:16:43.040Z,"85km SE of Atka, Alaska",earthquake,6,4.8,0.032,299,reviewed,us,us
2016-09-07T01:14:51.080Z,-8.195,123.259,41.78,4.5,mb,,60,1.101,1.01,us,us10006mkq,2016-09-15T04:20:23.040Z,"67km ENE of Palue, Indonesia",earthquake,6.7,7.7,0.106,26,reviewed,us,us
2016-09-07T00:13:26.330Z,-55.1557,-28.5591,10,4.5,mb,,78,4.679,0.73,us,us10006pf6,2016-09-15T03:52:45.040Z,"191km NNW of Visokoi Island, South Georgia and the South Sandwich Islands",earthquake,12.6,1.9,0.145,14,reviewed,us,us
2016-09-06T23:56:55.580Z,-6.2184,151.7522,10,4.5,mb,,154,1.918,1.04,us,us10006nzr,2016-09-15T03:36:47.040Z,"192km ESE of Kimbe, Papua New Guinea",earthquake,8.4,1.7,0.118,21,reviewed,us,us
2016-09-06T21:43:08.280Z,-36.9647,178.9669,11.37,4.9,mb,,251,0.795,0.43,us,us10006mj6,2016-09-06T22:04:14.040Z,"193km NE of Opotiki, New Zealand",earthquake,7.8,4.4,0.155,13,reviewed,us,us
2016-09-06T21:22:07.660Z,13.1247,145.4667,39.09,4.7,mb,,122,0.743,0.88,us,us10006miy,2016-09-06T21:39:30.040Z,"76km SE of Yigo Mayor's Office, Guam",earthquake,9.2,8.1,0.061,82,reviewed,us,us
2016-09-06T20:47:57.220Z,34.5051,141.8265,10,4.6,mb,,144,2.174,0.79,us,us10006min,2016-09-08T14:17:23.360Z,"155km ESE of Ohara, Japan",earthquake,7,1.9,0.099,30,reviewed,us,us
2016-09-06T17:19:28.110Z,30.6517,131.0028,35.82,4.5,mb,,130,0.976,1.04,us,us10006mh0,2016-09-07T15:04:39.040Z,"9km S of Nishinoomote, Japan",earthquake,6.3,8.5,0.128,19,reviewed,us,us
2016-09-06T15:54:58.750Z,-19.2018,-177.4149,576.32,4.5,mb,,46,4.538,0.81,us,us10006men,2016-09-29T19:43:41.040Z,"209km NE of Ndoi Island, Fiji",earthquake,9.9,8.6,0.062,75,reviewed,us,us
2016-09-06T15:22:52.160Z,24.7804,125.2007,33.4,5.1,mb,,36,2.016,0.65,us,us10006mek,2016-09-29T18:52:08.532Z,"8km WSW of Hirara, Japan",earthquake,6.9,4.6,0.046,153,reviewed,us,us
2016-09-06T13:34:22.720Z,27.1467,143.3537,10,4.7,mb,,129,1.043,0.58,us,us10006nzh,2016-09-29T16:21:09.040Z,"112km E of Chichi-shima, Japan",earthquake,8.7,1.9,0.092,36,reviewed,us,us
2016-09-06T12:07:57.580Z,-45.8205,95.7497,10,5.1,mb,,67,20.938,0.57,us,us10006mdj,2016-09-07T18:57:46.000Z,"Southeast Indian Ridge",earthquake,9.8,1.9,0.093,37,reviewed,us,us
2016-09-06T11:04:18.160Z,-20.0108,-177.9736,567.61,4.8,mb,,75,4.385,1.04,us,us10006mdf,2016-09-06T11:25:59.040Z,"103km NE of Ndoi Island, Fiji",earthquake,9.7,5,0.03,347,reviewed,us,us
2016-09-06T09:48:26.340Z,-37.0893,179.8844,10,4.8,mb,,255,1.343,1.2,us,us10006md3,2016-09-06T11:10:42.040Z,"239km NE of Gisborne, New Zealand",earthquake,11.1,2,0.139,16,reviewed,us,us
2016-09-06T08:20:57.190Z,-37.1358,178.8253,39.91,4.8,mb,,136,0.593,0.6,us,us10006mcp,2016-09-19T12:36:50.040Z,"172km NE of Opotiki, New Zealand",earthquake,10.8,4.3,0.118,22,reviewed,us,us
2016-09-06T07:37:45.860Z,-21.2264,-67.6974,148.46,5,mww,,37,1.545,1.06,us,us10006mci,2016-09-19T12:17:57.040Z,"124km SW of Uyuni, Bolivia",earthquake,7.2,5.5,,,reviewed,us,us
2016-09-06T04:13:35.160Z,-10.9588,165.9892,73.32,5.8,mb,,50,11.059,0.89,us,us10006mbt,2016-09-07T19:01:07.000Z,"31km SSE of Lata, Solomon Islands",earthquake,10.9,6.5,0.069,76,reviewed,us,us
2016-09-05T23:23:57.640Z,-22.9212,-63.7722,528.61,4.7,mb,,35,4.062,0.74,us,us10006kq9,2016-09-20T04:26:20.568Z,"36km S of General Enrique Mosconi, Argentina",earthquake,9.7,7.5,0.06,85,reviewed,us,us
2016-09-05T23:00:12.520Z,-37.1905,179.2206,12.09,5,mb,,168,0.817,1.31,us,us10006n3e,2016-09-26T23:04:39.040Z,"194km NNE of Gisborne, New Zealand",earthquake,6.1,3.8,0.116,24,reviewed,us,us
2016-09-05T22:54:05.420Z,54.3988,168.525,18,6.1,mww,,33,3.72,0.98,us,us10006kpq,2016-09-14T04:35:35.159Z,"185km ESE of Nikol'skoye, Russia",earthquake,6.5,1.8,,,reviewed,us,us
2016-09-05T22:28:46.030Z,-37.28,178.4961,38.4,4.6,mb,,243,0.319,0.53,us,us10006kpr,2016-09-14T04:11:15.040Z,"139km NE of Opotiki, New Zealand",earthquake,12.2,6.6,0.151,13,reviewed,us,us
2016-09-05T20:10:30.720Z,17.0189,-85.4941,11.56,4.9,mb,,37,3.407,1.03,us,us10006kne,2016-09-06T10:57:19.741Z,"73km NNE of Savannah Bight, Honduras",earthquake,7.5,5.8,0.047,141,reviewed,us,us
2016-09-05T20:06:24.360Z,31.1743,-41.3304,10,5.1,mb,,85,19.898,0.79,us,us10006knc,2016-09-05T20:27:39.040Z,"Northern Mid-Atlantic Ridge",earthquake,12.9,1.9,0.082,48,reviewed,us,us
2016-09-05T17:01:54.680Z,-37.11,179.3321,10,5.4,mb,,158,0.933,1.18,us,us10006km2,2016-09-07T19:44:16.000Z,"207km NE of Gisborne, New Zealand",earthquake,7.4,1.9,0.098,35,reviewed,us,us
2016-09-05T16:51:48.880Z,-37.1332,178.9781,16.16,4.6,mb,,235,0.685,0.35,us,us10006n2z,2016-09-29T14:12:28.040Z,"183km NE of Opotiki, New Zealand",earthquake,8.1,6.7,0.146,14,reviewed,us,us
2016-09-05T16:24:17.290Z,34.4522,141.6378,24.51,4.6,mb,,123,2.021,0.7,us,us10006kln,2016-09-28T20:38:34.040Z,"143km ESE of Katsuura, Japan",earthquake,7.3,5.6,0.07,61,reviewed,us,us
2016-09-05T15:19:04.090Z,-37.14,178.6702,29.66,5.9,mww,,62,0.511,1,us,us10006klg,2016-09-28T20:40:11.240Z,"161km NE of Opotiki, New Zealand",earthquake,9,3.3,,,reviewed,us,us
2016-09-05T15:17:15.800Z,-33.5895,179.9646,10,4.8,mb,,156,4.188,1.35,us,us10006klf,2016-09-28T20:14:40.040Z,"261km SSW of L'Esperance Rock, New Zealand",earthquake,11.5,1.5,0.118,22,reviewed,us,us
2016-09-05T15:04:04.240Z,-55.2277,-30.3278,10,4.9,mb,,66,3.692,0.67,us,us10006kld,2016-09-28T20:10:48.040Z,"254km NW of Visokoi Island, South Georgia and the South Sandwich Islands",earthquake,10.4,1.9,0.089,39,reviewed,us,us
2016-09-05T13:25:41.560Z,41.4621,143.6937,36.54,4.5,mb,,151,2.096,0.81,us,us10006n33,2016-09-28T18:35:26.040Z,"146km SE of Shizunai, Japan",earthquake,7.8,8.7,0.113,23,reviewed,us,us
2016-09-05T11:05:14.980Z,-21.0281,-178.4334,547.25,4.5,mb,,95,4.654,1.09,us,us10006qsw,2016-09-19T06:50:13.040Z,"50km SSE of Ndoi Island, Fiji",earthquake,11.4,7.3,0.071,58,reviewed,us,us
2016-09-05T10:21:52.910Z,13.064,145.2709,43,4.7,mb,,141,0.652,0.54,us,us10006kjx,2016-09-05T10:45:22.040Z,"61km ESE of Inarajan Village, Guam",earthquake,10.3,8.2,0.083,44,reviewed,us,us
2016-09-05T09:53:55.910Z,-55.0458,-31.8266,10,4.9,mb,,71,2.813,0.98,us,us10006kiq,2016-09-05T10:38:56.040Z,"South Georgia Island region",earthquake,6.6,1.9,0.117,23,reviewed,us,us
2016-09-05T06:14:10.240Z,3.6538,126.9841,51.23,5.1,mb,,117,3.67,1.22,us,us10006kgd,2016-09-05T06:32:38.040Z,"241km NNW of Tobelo, Indonesia",earthquake,9.5,7,0.05,129,reviewed,us,us
2016-09-05T04:50:14.360Z,34.7371,73.098,25.92,4.7,mb,,59,1.093,0.9,us,us10006kfz,2016-09-14T01:49:34.468Z,"8km NE of Batgram, Pakistan",earthquake,7.1,5.2,0.06,86,reviewed,us,us
2016-09-05T03:44:38.770Z,11.7506,145.0034,10,4.5,mb,,176,1.832,0.5,us,us10006n2k,2016-09-14T00:59:38.040Z,"170km S of Inarajan Village, Guam",earthquake,15.6,2,0.192,8,reviewed,us,us
2016-09-05T02:35:25.650Z,-54.8189,-118.9656,16.05,5.3,mb,,40,27.125,0.82,us,us10006kfa,2016-09-13T23:54:10.040Z,"Southern East Pacific Rise",earthquake,13,3.5,0.051,129,reviewed,us,us
2016-09-05T02:11:47.700Z,-29.161,61.1683,10,4.5,mb,,86,9.349,0.97,us,us10006n2h,2016-09-13T23:50:55.040Z,"Southwest Indian Ridge",earthquake,9.8,1.9,0.163,11,reviewed,us,us
2016-09-05T00:22:59.110Z,-0.1481,-78.3376,10,4.7,mb,,108,0.235,0.85,us,us10006kee,2016-09-20T05:41:39.391Z,"22km ENE of Quito, Ecuador",earthquake,4.1,1.8,0.032,287,reviewed,us,us
2016-09-04T20:00:31.960Z,-37.5475,178.6027,33.86,5,mb,,130,0.235,1.25,us,us10006kd9,2016-09-23T20:04:27.040Z,"130km ENE of Opotiki, New Zealand",earthquake,9.5,4,0.092,38,reviewed,us,us
2016-09-04T19:05:22.710Z,12.6039,47.9982,10,4.6,mb,,100,5.15,0.98,us,us10006kd0,2016-09-23T17:00:32.040Z,"161km N of Laasqoray, Somalia",earthquake,8.9,1.9,0.081,46,reviewed,us,us
2016-09-04T18:27:00.080Z,-15.679,168.1809,29.21,4.6,mb,,154,5.148,0.85,us,us10006kcw,2016-09-23T16:12:22.040Z,"95km ENE of Norsup, Vanuatu",earthquake,6.3,7.6,0.165,11,reviewed,us,us
2016-09-04T16:51:02.220Z,10.5069,126.7148,36.44,4.7,mb,,94,3.594,0.73,us,us10006kck,2016-09-27T13:16:04.040Z,"88km NE of San Isidro, Philippines",earthquake,10.5,7.3,0.053,109,reviewed,us,us
2016-09-04T16:39:03.930Z,-13.345,166.4804,35,4.9,mb,,146,7.426,0.83,us,us10006mrg,2016-09-27T14:26:07.040Z,"130km WNW of Sola, Vanuatu",earthquake,12,2,0.097,33,reviewed,us,us
2016-09-04T16:25:53.730Z,-80.0062,42.1627,15.43,4.6,mb,,60,10.075,0.73,us,us10006mru,2016-09-28T17:27:48.040Z,"Antarctica",earthquake,9.1,5.1,0.141,15,reviewed,us,us
2016-09-04T15:40:19.480Z,49.7569,155.8351,48.29,5,mb,,47,3.552,0.65,us,us10006kc9,2016-09-28T15:56:55.040Z,"104km SSW of Severo-Kuril'sk, Russia",earthquake,9.2,5.1,0.031,328,reviewed,us,us
2016-09-04T15:27:26.370Z,8.38,126.1715,10,4.7,mb,,131,1.428,0.88,us,us10006kc8,2016-09-28T15:41:47.040Z,"7km S of Tagbina, Philippines",earthquake,10.1,1.9,0.092,36,reviewed,us,us
2016-09-04T15:20:17.150Z,-55.6405,-30.1623,10,4.6,mb,,67,3.891,1.28,us,us10006ms9,2016-09-28T15:25:22.040Z,"218km WNW of Visokoi Island, South Georgia and the South Sandwich Islands",earthquake,9.4,1.8,0.129,18,reviewed,us,us
2016-09-04T14:38:12.960Z,8.451,126.0305,10,4.6,mb,,122,1.443,0.52,us,us10006mr9,2016-09-28T13:55:13.040Z,"6km SSE of Alegria, Philippines",earthquake,7.2,1.9,0.172,10,reviewed,us,us
2016-09-04T14:07:07.760Z,9.1136,126.2891,80.32,4.6,mb,,94,2.148,0.62,us,us10006kc3,2016-09-28T13:27:00.040Z,"10km ENE of Tandag, Philippines",earthquake,9,6.6,0.07,61,reviewed,us,us
2016-09-04T07:54:37.950Z,8.4607,125.9674,10,5,mb,,81,1.434,1.29,us,us10006ka9,2016-09-04T08:24:28.040Z,"4km NNW of Lapinigan, Philippines",earthquake,8.5,1.8,0.043,170,reviewed,us,us
2016-09-04T06:19:38.490Z,-37.1613,179.3804,10,5.1,mb,,151,0.944,1.17,us,us10006k9i,2016-09-07T07:57:39.671Z,"205km NE of Gisborne, New Zealand",earthquake,7.6,1.8,0.114,25,reviewed,us,us
2016-09-04T04:59:10.030Z,-21.7555,-179.3872,591.35,4.9,mb,,59,4.661,0.85,us,us10006k90,2016-09-04T05:17:10.040Z,"141km SSW of Ndoi Island, Fiji",earthquake,10.8,8.2,0.034,275,reviewed,us,us
2016-09-04T02:38:12.290Z,8.3822,125.9137,12.39,5.9,mwp,,26,1.345,1.36,us,us10006k8f,2016-09-07T17:35:20.000Z,"8km WSW of Lapinigan, Philippines",earthquake,7.7,3.8,,,reviewed,us,us
2016-09-04T01:37:53.950Z,-55.1809,-32.0378,10,4.5,mb,,111,2.732,0.78,us,us10006k84,2016-09-04T01:57:04.040Z,"South Georgia Island region",earthquake,9.3,1.8,0.136,20,reviewed,us,us
2016-09-04T01:33:28.800Z,52.1229,175.205,45.24,4.5,mb,,149,0.908,0.72,us,us10006k82,2016-09-14T22:17:35.006Z,"55km WSW of Buldir Island, Alaska",earthquake,9.6,8.5,0.05,118,reviewed,us,us
2016-09-04T01:31:45.730Z,11.5597,-87.0798,27.87,4.6,mb,,172,1.006,1.02,us,us10006k7z,2016-09-04T01:46:39.040Z,"66km WSW of Masachapa, Nicaragua",earthquake,7,4.8,0.062,78,reviewed,us,us
2016-09-04T01:26:04.530Z,-23.9103,-66.7711,192.57,4.9,mwr,,34,1.606,1.02,us,us10006k7v,2016-09-13T22:46:42.040Z,"57km NW of San Antonio de los Cobres, Argentina",earthquake,7.7,5.7,,,reviewed,us,guc
2016-09-03T23:13:09.010Z,-17.6883,-69.3826,149.35,4.6,mwr,,74,0.654,0.9,us,us10006k6y,2016-09-06T01:27:40.838Z,"59km NNE of Putre, Chile",earthquake,6.3,5.6,,,reviewed,us,guc
2016-09-03T22:06:01.810Z,9.4453,-83.8128,31.48,4.7,mwr,,76,0.147,0.96,us,us10006k6m,2016-09-10T05:34:24.982Z,"14km NW of San Isidro, Costa Rica",earthquake,3.9,4.3,0.052,35,reviewed,us,us
2016-09-03T21:38:54.170Z,27.2316,96.8182,10,4.5,mb,,46,3.754,0.62,us,us10006k6e,2016-10-01T02:50:21.040Z,"99km SE of Tezu, India",earthquake,5.7,1.7,0.067,66,reviewed,us,us
2016-09-03T21:04:07.490Z,-20.1535,-173.4124,21.19,4.9,mb,,80,3.455,0.97,us,us10006k64,2016-10-01T01:53:27.040Z,"105km ESE of Pangai, Tonga",earthquake,8.7,5.4,0.07,64,reviewed,us,us
2016-09-03T17:14:51.200Z,-37.042,179.0737,19.75,4.9,mb,,216,0.802,0.76,us,us10006k1f,2016-09-05T14:40:48.040Z,"195km NE of Opotiki, New Zealand",earthquake,9.1,7.1,0.108,27,reviewed,us,us
2016-09-03T17:07:18.030Z,-18.5038,-174.5135,76.79,4.6,mb,,82,4.381,0.49,us,us10006k1d,2016-09-05T14:16:27.040Z,"58km WNW of Neiafu, Tonga",earthquake,8.4,5.3,0.073,56,reviewed,us,us
2016-09-03T14:04:47.900Z,20.2816,147.3955,10,5.5,mb,,49,5.241,0.68,us,us10006jzi,2016-09-22T20:01:12.110Z,"247km NE of Agrihan, Northern Mariana Islands",earthquake,8,1.8,0.039,231,reviewed,us,us
2016-09-03T13:30:23.540Z,-37.5247,179.2401,10,5,mww,,129,0.743,1.28,us,us10006jyx,2016-09-22T19:32:02.185Z,"165km NE of Gisborne, New Zealand",earthquake,6,1.8,,,reviewed,us,us
2016-09-03T12:26:43.460Z,31.4495,138.4886,326.69,5,mb,,78,2.004,0.71,us,us10006jxz,2016-09-18T07:43:35.184Z,"219km SW of Hachijo-jima, Japan",earthquake,8,5.8,0.064,79,reviewed,us,us
2016-09-03T12:02:44.400Z,36.4251,-96.9291,5.557,5.8,mww,,69,,0.69,us,us10006jxs,2016-10-01T04:53:53.709Z,"14km NW of Pawnee, Oklahoma",earthquake,1.5,1.3,,,reviewed,tul,us
2016-09-03T11:53:30.380Z,-37.5706,178.7335,25.6,4.6,mb,,242,0.339,1.05,us,us10006mfd,2016-09-18T06:31:28.370Z,"136km NNE of Gisborne, New Zealand",earthquake,8.6,8.7,0.137,16,reviewed,us,us
2016-09-03T10:59:22.870Z,-27.9124,-112.1237,10,5.1,mb,,64,2.502,0.68,us,us10006jxm,2016-10-01T06:01:33.040Z,"278km WSW of Hanga Roa, Chile",earthquake,7.9,1.7,0.036,249,reviewed,us,us
2016-09-03T08:18:40.290Z,-29.2253,61.0256,10,5.1,mb,,54,13.208,0.66,us,us10006jwr,2016-09-07T07:08:28.450Z,"Southwest Indian Ridge",earthquake,11.1,1.9,0.074,59,reviewed,us,us
2016-09-03T06:55:37.250Z,71.0184,-7.5587,10,5,mb,,46,4.791,0.68,us,us10006jwi,2016-09-29T12:55:00.040Z,"43km ENE of Olonkinbyen, Svalbard and Jan Mayen",earthquake,7.5,1.9,0.05,128,reviewed,us,us
2016-09-03T06:03:17.360Z,33.6575,135.1125,35.47,4.5,mb,,84,1.033,0.41,us,us10006jwc,2016-09-28T09:06:49.242Z,"25km WSW of Tanabe, Japan",earthquake,6.3,9.4,0.156,12,reviewed,us,us
2016-09-03T05:18:02.110Z,-37.288,178.8746,10,4.7,mb,,171,0.528,1.32,us,us10006mga,2016-09-29T06:11:44.040Z,"165km ENE of Opotiki, New Zealand",earthquake,7.7,1.9,0.12,21,reviewed,us,us
2016-09-03T04:58:36.950Z,-37.2521,179.0424,12.15,5.4,mb,,136,0.662,1.49,us,us10006jvp,2016-09-03T05:16:57.040Z,"180km NNE of Gisborne, New Zealand",earthquake,6.9,5.1,0.09,42,reviewed,us,us
2016-09-03T04:30:15.950Z,-37.5632,178.7072,31.19,5.3,mb,,57,0.318,1.13,us,us10006jvi,2016-09-07T20:45:02.000Z,"135km NNE of Gisborne, New Zealand",earthquake,8.5,3.7,0.062,95,reviewed,us,us
2016-09-03T03:27:57.250Z,40.3208333,-125.6876667,28.57,5.64,mw,21,313,1.042,0.28,nc,nc72689331,2016-09-26T00:09:42.346Z,"103km W of Ferndale, California",earthquake,3.32,31.61,,6,reviewed,nc,nc
2016-09-03T02:12:54.010Z,-37.4017,178.9406,20.36,4.5,mb,,236,0.529,1.03,us,us10006jus,2016-09-03T03:23:10.040Z,"161km NNE of Gisborne, New Zealand",earthquake,6.8,6.7,0.163,14,reviewed,us,us
2016-09-03T00:29:09.130Z,6.4001,123.9716,43.67,4.5,mb,,69,1.729,0.85,us,us10006mep,2016-09-26T04:48:47.040Z,"9km WSW of Sangay, Philippines",earthquake,8.4,7.3,0.078,48,reviewed,us,us
2016-09-03T00:22:04.710Z,-22.3774,172.7068,81.01,4.6,mb,,110,4.432,1.06,us,us10006meq,2016-09-26T05:35:11.040Z,"67km E of Ile Hunter, New Caledonia",earthquake,9.9,7.1,0.114,23,reviewed,us,us
2016-09-02T23:54:05.830Z,-37.1063,179.2736,10,4.6,mb,,216,0.895,1.07,us,us10006kj1,2016-09-26T04:03:55.040Z,"204km NNE of Gisborne, New Zealand",earthquake,6.9,2,0.157,12,reviewed,us,us
2016-09-02T20:21:35.280Z,-37.1745,179.3439,10,4.7,mb,,156,0.912,0.61,us,us10006jrp,2016-09-03T18:19:59.040Z,"202km NE of Gisborne, New Zealand",earthquake,7.4,1.9,0.11,25,reviewed,us,us
2016-09-02T19:44:56.620Z,-36.9527,179.2558,10,4.5,mb,,124,0.971,0.96,us,us10006jra,2016-09-03T18:18:14.040Z,"214km NE of Opotiki, New Zealand",earthquake,7.8,1.9,0.135,16,reviewed,us,us
2016-09-02T17:28:03.350Z,-17.2547,-172.0657,10,5.2,mb,,26,2.723,1.12,us,us10006jqd,2016-09-03T17:23:35.040Z,"230km SE of Hihifo, Tonga",earthquake,6.5,1.7,0.033,307,reviewed,us,us
2016-09-02T16:55:42.630Z,-55.2157,-31.452,33.09,4.7,mb,,67,3.064,0.96,us,us10006jpq,2016-09-22T19:06:44.040Z,"South Georgia Island region",earthquake,8.8,3.5,0.093,35,reviewed,us,us
2016-09-02T16:38:32.270Z,-55.4476,-30.976,32.59,5,mb,,67,3.392,1.2,us,us10006jpj,2016-09-22T18:57:22.040Z,"273km WNW of Visokoi Island, South Georgia and the South Sandwich Islands",earthquake,10.1,4.3,0.091,39,reviewed,us,us
2016-09-02T16:03:36.000Z,16.68,-96.43,67,4.7,mb,,,,1.1,us,us10006jp7,2016-09-22T16:45:35.160Z,"9km SE of San Baltazar Chichicapan, Mexico",earthquake,9.6,6.9,0.063,77,reviewed,unm,us
2016-09-02T14:31:01.030Z,28.6466,94.9921,23.38,4.6,mb,,65,3.54,0.82,us,us10006jnm,2016-09-17T10:07:26.040Z,"57km NNE of Along, India",earthquake,8.6,5.2,0.084,42,reviewed,us,us
2016-09-02T13:57:39.320Z,-54.9563,-31.63,14.15,4.9,mb,,67,2.903,0.93,us,us10006jnd,2016-09-17T09:41:24.040Z,"South Georgia Island region",earthquake,10.8,5,0.122,21,reviewed,us,us
2016-09-02T13:29:37.320Z,34.4568,141.5085,10,5.3,mb,,101,1.944,0.9,us,us10006jn9,2016-09-17T09:36:29.103Z,"133km SE of Katsuura, Japan",earthquake,5.1,1.8,0.048,147,reviewed,us,us
2016-09-02T13:20:39.170Z,-37.5915,179.0977,17.45,4.5,mb,,243,0.629,0.78,us,us10006jn7,2016-09-17T09:17:48.040Z,"151km NE of Gisborne, New Zealand",earthquake,7.5,6.7,0.135,16,reviewed,us,us
2016-09-02T13:12:18.830Z,-37.2102,178.9305,43.57,4.6,mb,,223,0.608,0.85,us,us10006ki6,2016-09-17T09:03:35.040Z,"174km ENE of Opotiki, New Zealand",earthquake,11.1,9.9,0.136,16,reviewed,us,us
2016-09-02T12:02:50.660Z,6.2785,123.8955,10,5,mb,,44,1.847,0.98,us,us10006jn0,2016-09-07T07:07:38.162Z,"24km SW of Sangay, Philippines",earthquake,7.3,1.9,0.087,42,reviewed,us,us
2016-09-02T11:23:08.620Z,-19.4852,-173.6132,22.49,5.5,mb,,32,3.505,1.14,us,us10006jmt,2016-09-07T07:45:48.247Z,"84km ENE of Pangai, Tonga",earthquake,8.5,3.4,0.032,328,reviewed,us,us
2016-09-02T10:24:46.980Z,-37.1706,179.5032,10,4.8,mb,,243,1.03,0.81,us,us10006jmj,2016-09-02T10:52:15.040Z,"210km NE of Gisborne, New Zealand",earthquake,7.2,1.9,0.116,23,reviewed,us,us
2016-09-02T08:40:21.300Z,0.1857,-16.8608,10,4.9,mb,,63,8.441,0.9,us,us10006jm6,2016-09-28T07:05:31.040Z,"North of Ascension Island",earthquake,8.9,1.9,0.092,37,reviewed,us,us
2016-09-02T08:39:16.330Z,6.279,123.7778,7.15,4.9,mb,,42,1.954,1.07,us,us10006jm5,2016-09-28T07:02:51.040Z,"34km WSW of Sangay, Philippines",earthquake,7.4,5.3,0.073,59,reviewed,us,us
2016-09-02T08:19:53.300Z,34.6817,72.9636,34.89,4.5,mb,,65,1.059,0.93,us,us10006jl2,2016-09-28T05:28:00.040Z,"6km W of Batgram, Pakistan",earthquake,6.1,4.7,0.127,18,reviewed,us,us
2016-09-02T07:19:37.570Z,-37.0923,179.4675,10,4.5,mb,,265,1.037,0.6,us,us10006khs,2016-09-28T06:46:50.040Z,"215km NE of Gisborne, New Zealand",earthquake,6.4,1.9,0.192,8,reviewed,us,us
2016-09-02T07:05:31.940Z,-55.3043,-31.0778,10,4.7,mb,,192,3.294,0.74,us,us10006kj9,2016-09-28T06:31:45.040Z,"287km WNW of Visokoi Island, South Georgia and the South Sandwich Islands",earthquake,12.3,2,0.124,20,reviewed,us,us
2016-09-02T07:04:19.130Z,-55.2772,-31.0951,10,4.6,mb,,121,3.277,1.1,us,us10006khr,2016-09-28T06:27:15.040Z,"290km WNW of Visokoi Island, South Georgia and the South Sandwich Islands",earthquake,11.4,1.9,0.114,23,reviewed,us,us
2016-09-02T06:56:39.080Z,-56.1667,-123.9487,10,4.8,mb,,158,27.973,0.48,us,us10006khm,2016-09-28T06:20:43.040Z,"Southern East Pacific Rise",earthquake,6.9,1.9,0.131,18,reviewed,us,us
2016-09-02T06:48:53.030Z,-55.2302,-30.6304,10,5.3,mb,,39,3.524,0.72,us,us10006jka,2016-09-28T06:01:24.040Z,"269km NW of Visokoi Island, South Georgia and the South Sandwich Islands",earthquake,9.2,1.8,0.066,78,reviewed,us,us
2016-09-02T06:47:00.480Z,-55.2548,-30.9873,10,4.8,mb,,112,3.331,0.75,us,us10006jkb,2016-09-28T05:56:43.040Z,"285km WNW of Visokoi Island, South Georgia and the South Sandwich Islands",earthquake,6.1,1.8,0.095,34,reviewed,us,us
2016-09-02T06:12:49.230Z,36.0392,70.373,104.05,4.5,mb,,82,1.811,1.04,us,us10006jk7,2016-09-28T05:46:06.040Z,"36km W of `Alaqahdari-ye Kiran wa Munjan, Afghanistan",earthquake,6.9,8.4,0.127,18,reviewed,us,us
2016-09-02T05:33:42.790Z,34.4455,141.8099,16.91,4.7,mb,,130,2.127,0.75,us,us10006jk1,2016-09-28T05:39:47.040Z,"157km ESE of Katsuura, Japan",earthquake,7.1,3.1,0.1,30,reviewed,us,us
2016-09-02T05:03:30.520Z,12.1394,-87.6271,12.21,4.5,mb,,170,0.79,0.57,us,us10006jjv,2016-09-28T05:05:30.040Z,"62km SW of Corinto, Nicaragua",earthquake,2.5,6.4,0.139,15,reviewed,us,us
2016-09-02T04:26:07.680Z,-37.0018,179.1648,10,4.7,mb,,130,0.884,0.62,us,us10006jjm,2016-09-02T04:46:01.040Z,"205km NE of Opotiki, New Zealand",earthquake,9,1.9,0.194,16,reviewed,us,us
2016-09-02T03:28:49.380Z,-6.2628,151.5579,10,4.9,mb,,149,2.144,0.71,us,us10006jjf,2016-09-02T03:46:58.040Z,"175km ESE of Kimbe, Papua New Guinea",earthquake,11.4,1.9,0.064,79,reviewed,us,us
2016-09-02T02:57:26.310Z,-37.2431,179.0999,10,5.1,mb,,172,0.707,1.24,us,us10006jjc,2016-09-30T23:55:07.797Z,"183km NNE of Gisborne, New Zealand",earthquake,7.3,1.8,0.114,30,reviewed,us,us
2016-09-02T01:57:50.450Z,-55.3058,-30.9219,6.72,5.5,mwc,,25,3.381,0.95,us,us10006jj6,2016-10-01T02:10:29.192Z,"279km WNW of Visokoi Island, South Georgia and the South Sandwich Islands",earthquake,6,3.3,,,reviewed,us,gcmt
2016-09-02T01:25:29.210Z,-5.7847,102.675,10,4.5,mb,,118,1.442,0.68,us,us10006jiz,2016-10-01T01:43:58.040Z,"146km SW of Kuripan, Indonesia",earthquake,5.5,1.9,0.14,15,reviewed,us,us
2016-09-02T00:50:28.570Z,-4.8698,151.727,140.99,4.6,mb,,116,0.633,0.59,us,us10006kh8,2016-09-24T05:29:32.040Z,"82km SW of Kokopo, Papua New Guinea",earthquake,10.1,7.7,0.137,16,reviewed,us,us
2016-09-02T00:36:49.790Z,-37.5089,179.018,23.99,4.7,mwr,,170,0.568,1.37,us,us10006jir,2016-09-19T23:22:05.040Z,"155km NE of Gisborne, New Zealand",earthquake,8.3,6,0.083,14,reviewed,us,us
2016-09-02T00:30:14.390Z,-37.5587,179.0751,29.59,4.9,mb,,243,0.61,0.79,us,us10006jih,2016-09-19T23:30:12.040Z,"153km NE of Gisborne, New Zealand",earthquake,5.6,6,0.129,19,reviewed,us,us
2016-09-02T00:21:41.050Z,-55.1818,-30.8643,10,4.7,mb,,75,3.382,1.4,us,us10006kh4,2016-09-25T04:42:01.040Z,"284km NW of Visokoi Island, South Georgia and the South Sandwich Islands",earthquake,10.5,1.9,0.106,27,reviewed,us,us
2016-09-02T00:20:58.630Z,-37.3239,179.4854,10,4.6,mb,,117,0.967,0.77,us,us10006kj3,2016-09-26T04:28:20.040Z,"196km NE of Gisborne, New Zealand",earthquake,3.8,1.9,0.141,15,reviewed,us,us
2016-09-02T00:12:01.110Z,-37.2781,179.1755,10,4.5,mb,,206,0.747,0.84,us,us10006kh5,2016-09-25T23:40:04.040Z,"184km NE of Gisborne, New Zealand",earthquake,7.4,1.9,0.14,15,reviewed,us,us
2016-09-01T23:27:01.010Z,38.2239,141.9022,43.64,4.5,mb,,150,0.947,0.73,us,us10006jhv,2016-09-10T05:21:03.224Z,"56km ESE of Ishinomaki, Japan",earthquake,6.4,7.7,0.108,25,reviewed,us,us
2016-09-01T22:56:34.070Z,-55.2528,-30.9681,10,5.1,mb,,46,3.341,0.9,us,us10006jhn,2016-09-10T05:09:03.040Z,"285km WNW of Visokoi Island, South Georgia and the South Sandwich Islands",earthquake,8.3,1.7,0.072,62,reviewed,us,us
2016-09-01T21:43:09.250Z,-37.5064,179.3448,10.89,4.6,mb,,294,0.827,1.23,us,us10006k37,2016-09-13T05:17:48.040Z,"173km NE of Gisborne, New Zealand",earthquake,8.7,7.3,0.173,10,reviewed,us,us
2016-09-01T21:19:02.450Z,-37.2506,179.4281,8.27,4.5,mb,,244,0.945,0.63,us,us10006jhk,2016-09-10T04:35:05.040Z,"199km NE of Gisborne, New Zealand",earthquake,8.4,5,0.14,15,reviewed,us,us
2016-09-01T20:06:08.560Z,-37.6355,179.0968,13.48,5.5,mb,,144,0.631,1.39,us,us10006jfz,2016-09-07T07:44:09.418Z,"148km NE of Gisborne, New Zealand",earthquake,6.9,5.2,0.094,39,reviewed,us,us
2016-09-01T20:04:15.790Z,0.5795,98.5337,24.32,5.8,mb,,40,1.198,1.15,us,us10006jg1,2016-09-29T05:59:39.333Z,"119km SW of Padangsidempuan, Indonesia",earthquake,6.4,3.6,0.039,236,reviewed,us,us
2016-09-01T19:48:50.620Z,-37.516,179.3168,10,5,mb,,193,0.804,0.87,us,us10006jfq,2016-09-01T20:18:42.040Z,"170km NE of Gisborne, New Zealand",earthquake,3.8,1.9,0.105,32,reviewed,us,us
2016-09-01T19:18:32.330Z,-37.2249,178.7066,10,5.5,mb,,64,0.463,1.31,us,us10006jf5,2016-09-01T21:23:37.443Z,"157km NE of Opotiki, New Zealand",earthquake,6.4,1.7,0.051,134,reviewed,us,us
2016-09-01T18:59:18.030Z,-37.0874,179.138,10,5.3,mb,,176,0.814,0.81,us,us10006jew,2016-09-01T19:25:24.040Z,"197km ENE of Opotiki, New Zealand",earthquake,4,1.8,0.1,33,reviewed,us,us
2016-09-01T18:00:14.940Z,-37.3849,179.3734,10,4.9,mb,,279,0.867,0.86,us,us10006jev,2016-09-07T07:44:55.357Z,"185km NE of Gisborne, New Zealand",earthquake,4.6,2,0.177,10,reviewed,us,us
2016-09-01T17:36:00.560Z,-37.1775,179.0771,10,5.6,mb,,68,0.724,1.13,us,us10006jdx,2016-09-07T07:44:34.370Z,"187km ENE of Opotiki, New Zealand",earthquake,6.7,1.8,0.077,60,reviewed,us,us
2016-09-01T17:14:05.900Z,-37.0443,179.0063,13.76,5.7,mb,,58,0.76,1.12,us,us10006jd4,2016-09-01T20:24:32.955Z,"190km NE of Opotiki, New Zealand",earthquake,6.7,3.4,0.054,125,reviewed,us,us
2016-09-01T17:08:03.440Z,-37.1965,179.2828,10,5.3,mb,,88,0.859,1.08,us,us10006jdb,2016-09-01T18:08:36.040Z,"196km NE of Gisborne, New Zealand",earthquake,9,1.7,0.161,13,reviewed,us,us
2016-09-01T17:01:08.470Z,-37.0814,178.9133,10.02,5.7,mb,,38,0.681,1.46,us,us10006jc0,2016-09-07T07:04:41.170Z,"181km NE of Opotiki, New Zealand",earthquake,7.5,3.2,0.066,82,reviewed,us,us
2016-09-01T16:55:45.570Z,-37.3997,179.4097,10,5,mb,,120,0.892,0.89,us,us10006jpx,2016-09-02T17:22:20.040Z,"185km NE of Gisborne, New Zealand",earthquake,7,1.3,0.12,24,reviewed,us,us
2016-09-01T16:53:07.460Z,-37.0261,179.0434,10,5.3,mb,,100,0.794,1.4,us,us10006jpi,2016-09-02T17:08:35.040Z,"194km NE of Opotiki, New Zealand",earthquake,5.7,1.9,0.089,45,reviewed,us,us
2016-09-01T16:51:31.530Z,-37.2014,179.1324,10,5.3,mb,,137,0.75,0.86,us,us10006jpd,2016-09-02T16:45:47.040Z,"189km NNE of Gisborne, New Zealand",earthquake,7.2,1.9,0.126,23,reviewed,us,us
2016-09-01T16:49:47.810Z,-37.1457,179.0631,10,5.4,mb,,94,0.732,1.19,us,us10006jpa,2016-09-02T16:30:17.040Z,"188km ENE of Opotiki, New Zealand",earthquake,7.4,1.9,0.091,41,reviewed,us,us
2016-09-01T16:48:02.730Z,-37.242,179.1412,14.14,5.6,mb,,99,0.737,1.48,us,us10006jp4,2016-09-02T16:23:00.390Z,"185km NNE of Gisborne, New Zealand",earthquake,6.2,3.8,0.082,54,reviewed,us,us
2016-09-01T16:47:12.490Z,-37.4036,179.7878,10,5.6,mb,,197,1.188,1.7,us,us10006jbt,2016-09-02T15:59:04.244Z,"209km NE of Gisborne, New Zealand",earthquake,9.7,2,0.154,19,reviewed,us,us
2016-09-01T16:37:57.790Z,-37.401,179.0548,19,7.1,mww,,68,3.936,0.99,us,us10006jbi,2016-09-07T07:06:44.363Z,"166km NE of Gisborne, New Zealand",earthquake,8,1.7,,,reviewed,us,us
2016-09-01T16:22:38.720Z,-6.3055,154.905,88.91,5,mb,,46,3.444,0.89,us,us10006jbe,2016-09-02T14:39:15.040Z,"64km W of Panguna, Papua New Guinea",earthquake,7.4,6.3,0.046,150,reviewed,us,us
2016-09-01T14:58:49.330Z,-18.5596,167.6471,48.11,4.8,mb,,72,2.239,0.94,us,us10006jaw,2016-09-15T17:00:54.040Z,"115km SW of Port-Vila, Vanuatu",earthquake,9.2,8,0.101,32,reviewed,us,us
2016-09-01T11:09:56.680Z,-8.1071,156.3975,10,4.9,mb,,57,3.75,0.96,us,us10006j9y,2016-09-01T11:34:40.040Z,"48km W of Gizo, Solomon Islands",earthquake,8.1,1.9,0.07,63,reviewed,us,us
2016-09-01T10:14:14.930Z,-22.0749,-175.5794,15.95,5.2,mb,,71,6.077,1.35,us,us10006j9k,2016-09-07T07:48:50.084Z,"104km SSW of Vaini, Tonga",earthquake,9.7,3.8,0.036,260,reviewed,us,us
2016-09-01T08:55:33.840Z,-5.5663,153.7979,60.83,4.9,mb,,70,2.125,0.65,us,us10006j9c,2016-09-24T12:20:07.040Z,"148km SE of Taron, Papua New Guinea",earthquake,8.9,7.5,0.069,65,reviewed,us,us
2016-09-01T08:27:33.790Z,2.889,126.6226,71.96,4.8,mb,,99,2.23,1.19,us,us10006j99,2016-09-24T12:12:57.040Z,"200km NW of Tobelo, Indonesia",earthquake,8.8,6,0.077,53,reviewed,us,us
2016-09-01T08:04:11.480Z,-16.4893,-72.2152,78.57,4.8,mb,,149,2.588,0.85,us,us10006j90,2016-09-24T10:21:06.216Z,"54km ENE of Camana, Peru",earthquake,8.7,8.5,0.097,33,reviewed,us,us
2016-09-01T06:00:08.620Z,46.7758,153.7359,10,5.1,mb,,55,6.834,0.87,us,us10006j88,2016-09-30T09:19:29.040Z,"Kuril Islands",earthquake,7.1,1.8,0.029,380,reviewed,us,us
